split,n_lines,label,read,edit,agree,conf,path
val,1,PB03AGT8979,TARAAUTOM0BILESBTI0164221432223PB03AGT18979,32,False,0.864,/home/calua/number_plate/data/ocr/val/real_530523375e50.jpg
train,1,TN02TC0143,TN02TC0143VALIDUPTO29112013TO2812014,26,False,0.787,/home/calua/number_plate/data/ocr/train/real_128179cad1fa.jpg
train,2,MH04HP6100,MH04HP6100NAVNITMOTORS66777777,20,False,0.86,/home/calua/number_plate/data/ocr/train/real_9a04d98bcaef.jpg
val,2,TN21AT0480,TN21AT0480KAENNISSANTOLTOSEOSE,20,False,0.511,/home/calua/number_plate/data/ocr/val/real_e0a401b374c4.jpg
val,2,TN21AT0480,TN211AT0480LKZENNISSANTUOSI4S,19,False,0.502,/home/calua/number_plate/data/ocr/val/real_d38eea63a3cd.jpg
train,1,MH02BM5048,LTOVISAOWLOCAROOSEMH02BM5048,18,False,0.525,/home/calua/number_plate/data/ocr/train/real_ea36f6cf293a.jpg
test,1,DEVANAGRI,MILLENNIUMOTOYOTA,16,False,0.8,/home/calua/number_plate/data/ocr/test/real_a7850eb4729d.jpg
train,2,MH02BM5048,MH02BM5048MTOETONNCDCAR,13,False,0.525,/home/calua/number_plate/data/ocr/train/real_27b5d954f10e.jpg
val,2,MH20BQ20,MH2020HSONMENOMNM,13,False,0.502,/home/calua/number_plate/data/ocr/val/real_9c157ec2c35e.jpg
train,3,KL38F5008,NUMERIXEUROKL38F5008,11,False,0.52,/home/calua/number_plate/data/ocr/train/real_a43d55c90e6f.jpg
test,3,HP896786,89READYHP86108,11,False,0.564,/home/calua/number_plate/data/ocr/test/real_e1fd2a42f71a.jpg
train,0,MH02DQ0196,,10,False,0.0,/home/calua/number_plate/data/ocr/train/real_59d79a6e5f32.jpg
train,0,TN38BY4191,,10,False,0.0,/home/calua/number_plate/data/ocr/train/real_c4bff175264a.jpg
train,0,MH02CL4017,,10,False,0.0,/home/calua/number_plate/data/ocr/train/real_8416667a6d3f.jpg
train,0,MH01AV8814,,10,False,0.0,/home/calua/number_plate/data/ocr/train/real_dd6dc3bffd26.jpg
train,0,RJ27TC0530,,10,False,0.0,/home/calua/number_plate/data/ocr/train/real_1c25c5ab76b7.jpg
train,0,MH01AX3070,,10,False,0.0,/home/calua/number_plate/data/ocr/train/real_583b720bd96b.jpg
train,0,MH03DU5196,,10,False,0.0,/home/calua/number_plate/data/ocr/train/real_4996d68ae4a3.jpg
train,0,MH01AX3070,,10,False,0.0,/home/calua/number_plate/data/ocr/train/real_766ab880bbda.jpg
train,0,MH01CV6333,,10,False,0.0,/home/calua/number_plate/data/ocr/train/real_4814f683ec87.jpg
train,0,MH03DV2010,,10,False,0.0,/home/calua/number_plate/data/ocr/train/real_84eb5e708c5a.jpg
train,0,MH03CP1328,,10,False,0.0,/home/calua/number_plate/data/ocr/train/real_27eada861fde.jpg
train,0,RJ27TC0530,,10,False,0.0,/home/calua/number_plate/data/ocr/train/real_b3f941db00fd.jpg
train,0,MH03DU5196,,10,False,0.0,/home/calua/number_plate/data/ocr/train/real_a740e73a3a2d.jpg
train,0,MH01AU0059,,10,False,0.0,/home/calua/number_plate/data/ocr/train/real_63caeeec4b1b.jpg
train,0,MP09CC1667,,10,False,0.0,/home/calua/number_plate/data/ocr/train/real_f6a341229d5f.jpg
train,0,MH02BQ9628,,10,False,0.0,/home/calua/number_plate/data/ocr/train/real_5025b7860970.jpg
train,0,MH02DQ0196,,10,False,0.0,/home/calua/number_plate/data/ocr/train/real_d423552d3537.jpg
train,0,MH02DQ0196,,10,False,0.0,/home/calua/number_plate/data/ocr/train/real_bb7fedcce42d.jpg
train,0,MH02CR4364,,10,False,0.0,/home/calua/number_plate/data/ocr/train/real_3c6af87fbb8d.jpg
train,0,MH01DK4867,,10,False,0.0,/home/calua/number_plate/data/ocr/train/real_7c96f422584a.jpg
train,0,KA01MA6989,,10,False,0.0,/home/calua/number_plate/data/ocr/train/real_3c7468216ee1.jpg
train,0,MH03CP1328,,10,False,0.0,/home/calua/number_plate/data/ocr/train/real_3b036331ca36.jpg
train,0,MH02JA9655,,10,False,0.0,/home/calua/number_plate/data/ocr/train/real_c93023e92e79.jpg
train,0,MH03CP1328,,10,False,0.0,/home/calua/number_plate/data/ocr/train/real_290feecc3d11.jpg
train,0,MH02CL4017,,10,False,0.0,/home/calua/number_plate/data/ocr/train/real_182664306e8e.jpg
train,0,MH02EK4399,,10,False,0.0,/home/calua/number_plate/data/ocr/train/real_ef33349ea9d0.jpg
train,0,MH12RT1105,,10,False,0.0,/home/calua/number_plate/data/ocr/train/real_1d59cacacce7.jpg
train,0,MH01CT9150,,10,False,0.0,/home/calua/number_plate/data/ocr/train/real_510f7c4005f7.jpg
train,0,MH02DS9365,,10,False,0.0,/home/calua/number_plate/data/ocr/train/real_9a517030f964.jpg
train,0,HR26CP3135,,10,False,0.0,/home/calua/number_plate/data/ocr/train/real_d6f21e0b7a39.jpg
train,0,MH02FN2783,,10,False,0.0,/home/calua/number_plate/data/ocr/train/real_3e817f6c34d5.jpg
train,0,MH01AX3070,,10,False,0.0,/home/calua/number_plate/data/ocr/train/real_ffab0fea6831.jpg
train,0,UP16AJ0704,,10,False,0.0,/home/calua/number_plate/data/ocr/train/real_a4230e1eb701.jpg
train,0,KL02AF6723,,10,False,0.0,/home/calua/number_plate/data/ocr/train/real_a4005d7216f1.jpg
train,0,AP31TV6847,,10,False,0.0,/home/calua/number_plate/data/ocr/train/real_23704eb3a046.jpg
train,0,MH43BK9513,,10,False,0.0,/home/calua/number_plate/data/ocr/train/real_a834f6d2c583.jpg
train,0,MH01AX3070,,10,False,0.0,/home/calua/number_plate/data/ocr/train/real_6486dd9a1b1e.jpg
train,0,MH01AX3070,,10,False,0.0,/home/calua/number_plate/data/ocr/train/real_09347dc23637.jpg
train,0,MH01AV7461,,10,False,0.0,/home/calua/number_plate/data/ocr/train/real_d3e2ad209b4a.jpg
train,0,MH02EE8407,,10,False,0.0,/home/calua/number_plate/data/ocr/train/real_54caec10e28c.jpg
train,0,MH14FS5229,,10,False,0.0,/home/calua/number_plate/data/ocr/train/real_2ac4f631ec30.jpg
train,0,MH02DS3099,,10,False,0.0,/home/calua/number_plate/data/ocr/train/real_25f1fa8be0cd.jpg
train,0,KL0BBJ5001,,10,False,0.0,/home/calua/number_plate/data/ocr/train/real_7f970f02e58a.jpg
train,0,MH04HM4154,,10,False,0.0,/home/calua/number_plate/data/ocr/train/real_42a353bd9d4a.jpg
train,0,MH02DS9365,,10,False,0.0,/home/calua/number_plate/data/ocr/train/real_fc389c7f0e27.jpg
train,0,MH01AU0059,,10,False,0.0,/home/calua/number_plate/data/ocr/train/real_cf7ea1e8c89e.jpg
train,0,MH01CV6333,,10,False,0.0,/home/calua/number_plate/data/ocr/train/real_754919338b39.jpg
train,0,CH01BQ5604,,10,False,0.0,/home/calua/number_plate/data/ocr/train/real_0dfa159fbf60.jpg
train,0,MH02DQ0196,,10,False,0.0,/home/calua/number_plate/data/ocr/train/real_3d403134aee8.jpg
train,0,MH01AX3070,,10,False,0.0,/home/calua/number_plate/data/ocr/train/real_2302ebb3a4ba.jpg
train,0,DL3CCQ0107,,10,False,0.0,/home/calua/number_plate/data/ocr/train/real_3a2b0261ddbe.jpg
train,0,MH02DS9365,,10,False,0.0,/home/calua/number_plate/data/ocr/train/real_146e24a0ae9d.jpg
train,0,MH01BD2186,,10,False,0.0,/home/calua/number_plate/data/ocr/train/real_60b889ce1436.jpg
train,0,MH01AX3070,,10,False,0.0,/home/calua/number_plate/data/ocr/train/real_e6ac7f93a87a.jpg
train,0,MH02EK4399,,10,False,0.0,/home/calua/number_plate/data/ocr/train/real_2930754875c2.jpg
train,0,MH43AR5466,,10,False,0.0,/home/calua/number_plate/data/ocr/train/real_b31cad6d776f.jpg
train,0,HR51AY9099,,10,False,0.0,/home/calua/number_plate/data/ocr/train/real_d1c9ea06b578.jpg
train,0,MH03DV2010,,10,False,0.0,/home/calua/number_plate/data/ocr/train/real_2741fe836a06.jpg
train,0,MH02DW8021,,10,False,0.0,/home/calua/number_plate/data/ocr/train/real_622c54fc6ac0.jpg
train,0,DL8CNA5085,,10,False,0.0,/home/calua/number_plate/data/ocr/train/real_c8edb73646fa.jpg
train,0,MH02CR4364,,10,False,0.0,/home/calua/number_plate/data/ocr/train/real_71969e7cd97a.jpg
train,0,MH47AU1306,,10,False,0.0,/home/calua/number_plate/data/ocr/train/real_b697f3ae7101.jpg
train,0,MH01CT9150,,10,False,0.0,/home/calua/number_plate/data/ocr/train/real_07cf064ba6d2.jpg
train,0,MH02DS9365,,10,False,0.0,/home/calua/number_plate/data/ocr/train/real_a7456e115262.jpg
train,0,MH01AX3070,,10,False,0.0,/home/calua/number_plate/data/ocr/train/real_cccb00d7703c.jpg
train,0,MH01AH8495,,10,False,0.0,/home/calua/number_plate/data/ocr/train/real_42f5b516d925.jpg
train,0,MH02CR4364,,10,False,0.0,/home/calua/number_plate/data/ocr/train/real_65dfdc7c7ae8.jpg
train,0,RJ27TC0530,,10,False,0.0,/home/calua/number_plate/data/ocr/train/real_71e686818d7a.jpg
train,0,MH05DS8679,,10,False,0.0,/home/calua/number_plate/data/ocr/train/real_e9f4b77d360e.jpg
train,0,MH03CP1328,,10,False,0.0,/home/calua/number_plate/data/ocr/train/real_5fae074b44fe.jpg
train,0,MH04HM4154,,10,False,0.0,/home/calua/number_plate/data/ocr/train/real_0c70103309c4.jpg
train,0,MH02DS9365,,10,False,0.0,/home/calua/number_plate/data/ocr/train/real_253c3f9b4d4b.jpg
train,0,MH02FN2783,,10,False,0.0,/home/calua/number_plate/data/ocr/train/real_0f3988cb12ca.jpg
train,0,MH43AL8464,,10,False,0.0,/home/calua/number_plate/data/ocr/train/real_0d749c6c4d51.jpg
train,0,MH01BM4824,,10,False,0.0,/home/calua/number_plate/data/ocr/train/real_e7c1bd3d79cf.jpg
train,0,AP02BP2454,,10,False,0.0,/home/calua/number_plate/data/ocr/train/real_476fa3737de5.jpg
train,0,JH09AA2570,,10,False,0.0,/home/calua/number_plate/data/ocr/train/real_74f61a412af5.jpg
train,0,MH03CS6266,,10,False,0.0,/home/calua/number_plate/data/ocr/train/real_7643c8cccb4a.jpg
train,0,MH01AU0059,,10,False,0.0,/home/calua/number_plate/data/ocr/train/real_8c6445c55fac.jpg
train,0,MH05DS8679,,10,False,0.0,/home/calua/number_plate/data/ocr/train/real_d980c27d2898.jpg
train,0,MH01DB2561,,10,False,0.0,/home/calua/number_plate/data/ocr/train/real_7d5aeaf712f2.jpg
train,0,MH01DB2561,,10,False,0.0,/home/calua/number_plate/data/ocr/train/real_2cc26e5559d5.jpg
train,0,MH01AM9839,,10,False,0.0,/home/calua/number_plate/data/ocr/train/real_26955b5f3565.jpg
train,0,MH01AX3070,,10,False,0.0,/home/calua/number_plate/data/ocr/train/real_316d22f9fa62.jpg
train,0,DL10C05520,,10,False,0.0,/home/calua/number_plate/data/ocr/train/real_41e9c1e5cacf.jpg
val,0,OR02BV0701,,10,False,0.0,/home/calua/number_plate/data/ocr/val/real_02b01d32ba61.jpg
val,0,MH01DT1917,,10,False,0.0,/home/calua/number_plate/data/ocr/val/real_c60934bb3633.jpg
val,0,MH43BU2401,,10,False,0.0,/home/calua/number_plate/data/ocr/val/real_b2a0ad90633d.jpg
val,0,MH46BF2342,,10,False,0.0,/home/calua/number_plate/data/ocr/val/real_465d280787e3.jpg
val,0,MH01BT9066,,10,False,0.0,/home/calua/number_plate/data/ocr/val/real_09a07fa23b78.jpg
val,0,MH01BT9066,,10,False,0.0,/home/calua/number_plate/data/ocr/val/real_6fedc866ae14.jpg
val,0,OR05AN4494,,10,False,0.0,/home/calua/number_plate/data/ocr/val/real_8cbd01fdf06a.jpg
val,0,MH01DT1917,,10,False,0.0,/home/calua/number_plate/data/ocr/val/real_67b4e74f0eb2.jpg
val,0,MH46BF2342,,10,False,0.0,/home/calua/number_plate/data/ocr/val/real_b1c0d0bec1c3.jpg
val,0,MH02EU4077,,10,False,0.0,/home/calua/number_plate/data/ocr/val/real_d362dd6885bf.jpg
val,0,MH01DT1917,,10,False,0.0,/home/calua/number_plate/data/ocr/val/real_53857d5c6d00.jpg
val,0,MH01DT1917,,10,False,0.0,/home/calua/number_plate/data/ocr/val/real_5b54b5017dfd.jpg
val,0,MH01DT1917,,10,False,0.0,/home/calua/number_plate/data/ocr/val/real_d512b3fa87ad.jpg
val,0,MH02EU4077,,10,False,0.0,/home/calua/number_plate/data/ocr/val/real_72ccc710fbc4.jpg
val,0,MH12DG7144,,10,False,0.0,/home/calua/number_plate/data/ocr/val/real_813b32f53e55.jpg
val,0,MH46BF2342,,10,False,0.0,/home/calua/number_plate/data/ocr/val/real_449745d68e87.jpg
val,0,PB11AG0774,,10,False,0.0,/home/calua/number_plate/data/ocr/val/real_67cbf840045c.jpg
val,0,GJ05JB6589,,10,False,0.0,/home/calua/number_plate/data/ocr/val/real_670345ff8e35.jpg
val,0,MH01BT9066,,10,False,0.0,/home/calua/number_plate/data/ocr/val/real_5764c044997c.jpg
val,0,MH02BR4503,,10,False,0.0,/home/calua/number_plate/data/ocr/val/real_3a1f15d98b03.jpg
val,0,MH02EU4077,,10,False,0.0,/home/calua/number_plate/data/ocr/val/real_8efec21bccad.jpg
val,0,MH02B16890,,10,False,0.0,/home/calua/number_plate/data/ocr/val/real_e0476612aec9.jpg
test,0,MH01DB1477,,10,False,0.0,/home/calua/number_plate/data/ocr/test/real_4d67a69daa3b.jpg
test,0,MH03AM3025,,10,False,0.0,/home/calua/number_plate/data/ocr/test/real_9a7c89252b88.jpg
test,0,MH14DX9938,,10,False,0.0,/home/calua/number_plate/data/ocr/test/real_ea1e6f03629c.jpg
test,0,MH02ER9194,,10,False,0.0,/home/calua/number_plate/data/ocr/test/real_5b65ba9c92a5.jpg
test,0,AS01AT8119,,10,False,0.0,/home/calua/number_plate/data/ocr/test/real_0c4213e8dcd7.jpg
test,0,MH14DX9938,,10,False,0.0,/home/calua/number_plate/data/ocr/test/real_b2e09db5db4d.jpg
test,0,MH01DB1477,,10,False,0.0,/home/calua/number_plate/data/ocr/test/real_5740597191e9.jpg
test,0,MH01DB1477,,10,False,0.0,/home/calua/number_plate/data/ocr/test/real_70f2c1f22b27.jpg
test,0,MH02ER9194,,10,False,0.0,/home/calua/number_plate/data/ocr/test/real_25e0eddd3a4d.jpg
test,0,MH14TCP237,,10,False,0.0,/home/calua/number_plate/data/ocr/test/real_80d3a8ffdd3a.jpg
test,0,UP16TC1366,,10,False,0.0,/home/calua/number_plate/data/ocr/test/real_45cb3cf6676c.jpg
test,0,MH02ER9194,,10,False,0.0,/home/calua/number_plate/data/ocr/test/real_00ff387ef13e.jpg
test,0,MH02BT6482,,10,False,0.0,/home/calua/number_plate/data/ocr/test/real_acbe3957a266.jpg
test,0,MH02EZ6482,,10,False,0.0,/home/calua/number_plate/data/ocr/test/real_47cdc8cd8752.jpg
train,1,MH01AL9693,AUTOHANGARMH01AL9693,10,False,0.824,/home/calua/number_plate/data/ocr/train/real_ef3ce3dead60.jpg
val,1,MH46BV0688,INO,10,False,0.696,/home/calua/number_plate/data/ocr/val/real_8cb4b6845114.jpg
val,1,MH46BV0688,INO,10,False,0.595,/home/calua/number_plate/data/ocr/val/real_d25c573d80ed.jpg
val,1,MH46BV0688,INOMH,10,False,0.558,/home/calua/number_plate/data/ocr/val/real_9d25455ab237.jpg
test,1,MH47AV6753,INDV675MH47A53,10,False,0.649,/home/calua/number_plate/data/ocr/test/real_61caf40c0d17.jpg
test,1,MH47AV6753,INDV675MH47A53,10,False,0.662,/home/calua/number_plate/data/ocr/test/real_018190e7082f.jpg
test,1,MH47AV6753,INDV675MH47A53,10,False,0.659,/home/calua/number_plate/data/ocr/test/real_05611a479d14.jpg
train,2,KL10AV6342,6342KL10,10,False,0.519,/home/calua/number_plate/data/ocr/train/real_b7d7cfb34857.jpg
train,2,MH02AK5481,APEXHONDAMH022AK5481,10,False,0.71,/home/calua/number_plate/data/ocr/train/real_8be2416e1433.jpg
train,2,MH02AK5481,APENHONDAMHQ2AK5481,10,False,0.697,/home/calua/number_plate/data/ocr/train/real_8f841a2d3af3.jpg
train,0,GA03P2839,,9,False,0.0,/home/calua/number_plate/data/ocr/train/real_b6e7f7a3d9f7.jpg
train,0,GJ1KF1111,,9,False,0.0,/home/calua/number_plate/data/ocr/train/real_4de6affb9d65.jpg
train,0,GJ15D0564,,9,False,0.0,/home/calua/number_plate/data/ocr/train/real_3a59ab88ab45.jpg
train,0,HP3SG1539,,9,False,0.0,/home/calua/number_plate/data/ocr/train/real_ac5dc84d161c.jpg
train,0,AS23E0596,,9,False,0.0,/home/calua/number_plate/data/ocr/train/real_384306b02d0b.jpg
train,0,JH05Y9636,,9,False,0.0,/home/calua/number_plate/data/ocr/train/real_fcef38da9df5.jpg
train,0,BR06U2470,,9,False,0.0,/home/calua/number_plate/data/ocr/train/real_0a78ce8c5770.jpg
train,0,DL6CL0457,,9,False,0.0,/home/calua/number_plate/data/ocr/train/real_2a7900b33ae8.jpg
train,0,AS12S6951,,9,False,0.0,/home/calua/number_plate/data/ocr/train/real_c8212be71659.jpg
train,0,SK02P3471,,9,False,0.0,/home/calua/number_plate/data/ocr/train/real_0ad55e397bd5.jpg
train,0,JH01Z3792,,9,False,0.0,/home/calua/number_plate/data/ocr/train/real_f3c8c9bcb657.jpg
train,0,SK05T0338,,9,False,0.0,/home/calua/number_plate/data/ocr/train/real_e135526a6f5e.jpg
train,0,KA5122727,,9,False,0.0,/home/calua/number_plate/data/ocr/train/real_ffb579370249.jpg
train,0,HR29R9466,,9,False,0.0,/home/calua/number_plate/data/ocr/train/real_27a0636d0b9c.jpg
train,0,NL02C9593,,9,False,0.0,/home/calua/number_plate/data/ocr/train/real_b360734f7ce9.jpg
train,0,ML04B8918,,9,False,0.0,/home/calua/number_plate/data/ocr/train/real_5f1bf5b5dae6.jpg
train,0,KL45C4411,,9,False,0.0,/home/calua/number_plate/data/ocr/train/real_7e4f7cd728ed.jpg
train,0,BR33M0001,,9,False,0.0,/home/calua/number_plate/data/ocr/train/real_878a377eccce.jpg
train,0,MH47N4570,,9,False,0.0,/home/calua/number_plate/data/ocr/train/real_7140bfb3ab1d.jpg
val,0,TN43J0158,,9,False,0.0,/home/calua/number_plate/data/ocr/val/real_e3709560f8a1.jpg
val,0,HP01A7630,,9,False,0.0,/home/calua/number_plate/data/ocr/val/real_29fabb976dbc.jpg
val,0,AS23M1264,,9,False,0.0,/home/calua/number_plate/data/ocr/val/real_cde48aad87cb.jpg
test,0,NL01CB433,,9,False,0.0,/home/calua/number_plate/data/ocr/test/real_db9c93b2ecc1.jpg
test,0,PB2313752,,9,False,0.0,/home/calua/number_plate/data/ocr/test/real_ac63dabc939a.jpg
train,1,DL3CAY2231,AV,9,False,0.536,/home/calua/number_plate/data/ocr/train/real_afcadea2dc3d.jpg
train,1,MH02FN2783,10,9,False,0.519,/home/calua/number_plate/data/ocr/train/real_c1b34deba63c.jpg
train,1,UP65CM21149,FCME,9,False,0.531,/home/calua/number_plate/data/ocr/train/real_9b06b393b5ff.jpg
train,2,MH46Z8892,8892MH46,9,False,0.747,/home/calua/number_plate/data/ocr/train/real_d6909325dc96.jpg
train,0,KL57A111,,8,False,0.0,/home/calua/number_plate/data/ocr/train/real_534c76579844.jpg
train,0,KA05MQ92,,8,False,0.0,/home/calua/number_plate/data/ocr/train/real_52cdbcb4e131.jpg
train,0,AR169723,,8,False,0.0,/home/calua/number_plate/data/ocr/train/real_23929c4d6241.jpg
val,0,TN19TC94,,8,False,0.0,/home/calua/number_plate/data/ocr/val/real_e89bcadc29eb.jpg
test,0,ML133317,,8,False,0.0,/home/calua/number_plate/data/ocr/test/real_08fae149feab.jpg
train,1,MH46AD5258,AD,8,False,0.658,/home/calua/number_plate/data/ocr/train/real_cc6268e85fae.jpg
train,1,MH01AV8814,88,8,False,0.655,/home/calua/number_plate/data/ocr/train/real_b3c33d7a360b.jpg
train,1,MH02BQ9628,BQ80,8,False,0.651,/home/calua/number_plate/data/ocr/train/real_4e579f5d95e3.jpg
train,1,MH02FN2783,83,8,False,0.608,/home/calua/number_plate/data/ocr/train/real_7027ea970e09.jpg
train,1,KL09AL9405,AL,8,False,0.604,/home/calua/number_plate/data/ocr/train/real_cbe99522e01e.jpg
train,1,KA19TR02,KA19TR0220102011,8,False,0.824,/home/calua/number_plate/data/ocr/train/real_38cd4740ff3f.jpg
train,1,MH01AU0059,MHO,8,False,0.667,/home/calua/number_plate/data/ocr/train/real_e1aace9e7c1a.jpg
train,1,MH46AD5258,AD,8,False,0.649,/home/calua/number_plate/data/ocr/train/real_ba78070ea6f4.jpg
train,1,MH01AU0059,NOTAUGOSS,8,False,0.695,/home/calua/number_plate/data/ocr/train/real_b86e2d0259d1.jpg
train,1,KA29Z999,IND6666,8,False,0.556,/home/calua/number_plate/data/ocr/train/real_7f020ed36a6f.jpg
train,1,MH01CT9150,051613H,8,False,0.638,/home/calua/number_plate/data/ocr/train/real_d45d7a83efcc.jpg
train,1,KL09AL9405,ALSOHH,8,False,0.552,/home/calua/number_plate/data/ocr/train/real_e5ce2033472c.jpg
val,1,MH47AZ8323,INOMH47A,8,False,0.687,/home/calua/number_plate/data/ocr/val/real_5eccebbc2728.jpg
train,2,KL10AV6342,634210AV,8,False,0.637,/home/calua/number_plate/data/ocr/train/real_94184dc6309e.jpg
train,2,MH03AR5549,MH03AR5549VVUTESSE,8,False,0.785,/home/calua/number_plate/data/ocr/train/real_c6cb5d3e59b8.jpg
train,2,MH03AR5549,MH03AR5549VVUTESSE,8,False,0.772,/home/calua/number_plate/data/ocr/train/real_f6f2321f1fce.jpg
train,2,MH03AR5549,MH03AR5549VVUTESSE,8,False,0.766,/home/calua/number_plate/data/ocr/train/real_5c06f37ead57.jpg
train,1,MH47N4570,MH,7,False,0.597,/home/calua/number_plate/data/ocr/train/real_f4b36200a656.jpg
train,1,MH01AU0059,CHOTAUOOSS,7,False,0.693,/home/calua/number_plate/data/ocr/train/real_173aea9fdc2f.jpg
train,1,KL41M93,E6N2X,7,False,0.553,/home/calua/number_plate/data/ocr/train/real_177be0f683d5.jpg
train,1,MH01AX3070,01AY,7,False,0.503,/home/calua/number_plate/data/ocr/train/real_29ae9cce0daa.jpg
train,1,MH46AD5258,258,7,False,0.637,/home/calua/number_plate/data/ocr/train/real_74f66c9e52c6.jpg
train,1,MH02EK4399,399,7,False,0.739,/home/calua/number_plate/data/ocr/train/real_a50ce20c1d7c.jpg
train,1,MH43BP8173,13RP8,7,False,0.617,/home/calua/number_plate/data/ocr/train/real_569816d4bef2.jpg
train,1,MH43BP8173,138P8,7,False,0.552,/home/calua/number_plate/data/ocr/train/real_b6d8c1a66d5b.jpg
train,1,JK01R8021,KOR,7,False,0.502,/home/calua/number_plate/data/ocr/train/real_f0a05cdf9647.jpg
train,1,MH02CW8226,102N920,7,False,0.576,/home/calua/number_plate/data/ocr/train/real_117fe3610049.jpg
train,1,KL49H5270,KL,7,False,0.543,/home/calua/number_plate/data/ocr/train/real_e184b98726a7.jpg
test,1,MH02ER9194,HOER,7,False,0.642,/home/calua/number_plate/data/ocr/test/real_b8a349048f92.jpg
test,1,MH04GM7982,1971W7382,7,False,0.555,/home/calua/number_plate/data/ocr/test/real_689e77eca11a.jpg
train,2,KL01AU585,01NO,7,False,0.548,/home/calua/number_plate/data/ocr/train/real_fa381ffbd901.jpg
train,2,MH14GN9239,MH149239INDGN,7,False,0.632,/home/calua/number_plate/data/ocr/train/real_d8da781d0024.jpg
train,2,MH03AR5549,MH03AR5549VUTESSE,7,False,0.691,/home/calua/number_plate/data/ocr/train/real_c8797780b416.jpg
train,2,MH01CT9150,MH1010CT9150LONDA,7,False,0.606,/home/calua/number_plate/data/ocr/train/real_154f545f1bd8.jpg
test,2,MH47AV6753,MH12FT9458,7,False,0.751,/home/calua/number_plate/data/ocr/test/real_c6dcc3ce9952.jpg
train,1,MH01DP5662,MHO66,6,False,0.522,/home/calua/number_plate/data/ocr/train/real_ac327493b610.jpg
train,1,MH46AD5258,MHAD,6,False,0.651,/home/calua/number_plate/data/ocr/train/real_bcfbd742489d.jpg
train,1,MH02AJ344,INDHH02AJ3LL,6,False,0.691,/home/calua/number_plate/data/ocr/train/real_fd1f0b7e0925.jpg
train,1,HR26DK6475,INDHR2K6275,6,False,0.603,/home/calua/number_plate/data/ocr/train/real_5d55bbf92863.jpg
train,1,MH01AU0059,RHGTAUO0S,6,False,0.526,/home/calua/number_plate/data/ocr/train/real_86aea0790c07.jpg
train,1,MH43BP8173,13RP81,6,False,0.55,/home/calua/number_plate/data/ocr/train/real_13d7a5c88bd1.jpg
train,1,MH02CT2727,MH02,6,False,0.664,/home/calua/number_plate/data/ocr/train/real_4faa3dc1de2f.jpg
train,1,MH01AU0059,SNO1AUO0SS,6,False,0.503,/home/calua/number_plate/data/ocr/train/real_7be005a1952a.jpg
train,1,MH03BS7778,MH03,6,False,0.756,/home/calua/number_plate/data/ocr/train/real_ec2954047ce9.jpg
train,1,MH47N4570,1570,6,False,0.724,/home/calua/number_plate/data/ocr/train/real_6f9d722df0ef.jpg
train,1,MH14DT8831,8831,6,False,0.795,/home/calua/number_plate/data/ocr/train/real_7469531da254.jpg
train,1,GJ7BB766,G1788N,6,False,0.523,/home/calua/number_plate/data/ocr/train/real_ab59da38ff91.jpg
train,1,MH01CT9150,MH01CHONDACT9150,6,False,0.701,/home/calua/number_plate/data/ocr/train/real_a448fbf6b955.jpg
train,1,MH04DW9020,MH04,6,False,0.787,/home/calua/number_plate/data/ocr/train/real_093d28a03ebf.jpg
train,1,MH02DJ8952,8952,6,False,0.661,/home/calua/number_plate/data/ocr/train/real_8a0079db8434.jpg
train,1,AP31TP2282,APA28E,6,False,0.511,/home/calua/number_plate/data/ocr/train/real_022d2ab3308f.jpg
train,1,MH02BQ9628,1828Q961,6,False,0.575,/home/calua/number_plate/data/ocr/train/real_855a38759443.jpg
train,1,TR01E2157,YROE2Z,6,False,0.683,/home/calua/number_plate/data/ocr/train/real_d5e7aba5cd14.jpg
train,1,MH04DW9020,MH04,6,False,0.793,/home/calua/number_plate/data/ocr/train/real_30ec5f4489c6.jpg
train,1,MH04HM4154,RBNER4154,6,False,0.623,/home/calua/number_plate/data/ocr/train/real_c395ba929f4d.jpg
train,1,MH02CW8226,8226,6,False,0.786,/home/calua/number_plate/data/ocr/train/real_26bc02eea34b.jpg
train,1,MH02EH1077,23107,6,False,0.587,/home/calua/number_plate/data/ocr/train/real_208d0cc4b739.jpg
train,1,MH46AD5258,ME258,6,False,0.548,/home/calua/number_plate/data/ocr/train/real_889aa46b4d42.jpg
train,1,MH04DW9020,MH04,6,False,0.79,/home/calua/number_plate/data/ocr/train/real_4b23390e9978.jpg
train,1,MH14DT8831,8831,6,False,0.793,/home/calua/number_plate/data/ocr/train/real_8f8207df0dee.jpg
train,1,MH47AU1306,N27401308,6,False,0.551,/home/calua/number_plate/data/ocr/train/real_b359af6c4bbe.jpg
val,1,ML10C2674,QLJUC252,6,False,0.522,/home/calua/number_plate/data/ocr/val/real_63587ba48111.jpg
val,1,HR99BJ6662,HR99BJTTEMPP6662,6,False,0.762,/home/calua/number_plate/data/ocr/val/real_a7f383de3635.jpg
val,1,MH03DK2961,NH030K,6,False,0.674,/home/calua/number_plate/data/ocr/val/real_d3ed350c238a.jpg
val,1,KA03MG2784,2784,6,False,0.799,/home/calua/number_plate/data/ocr/val/real_7cbd77340ccd.jpg
val,1,DL8CNA1596,DLCA,6,False,0.574,/home/calua/number_plate/data/ocr/val/real_9488f853000d.jpg
val,1,MH46BV0688,INOMH2V0688,6,False,0.611,/home/calua/number_plate/data/ocr/val/real_ce2ada1f09ec.jpg
val,1,MH20CS1941,MH20,6,False,0.646,/home/calua/number_plate/data/ocr/val/real_987b55f85b19.jpg
test,1,GA01S5594,GASSSSY,6,False,0.595,/home/calua/number_plate/data/ocr/test/real_f465a08a94a3.jpg
test,1,MH20CS9817,MH20,6,False,0.717,/home/calua/number_plate/data/ocr/test/real_495ce9a1739f.jpg
test,1,MH02ER9194,02QER9,6,False,0.611,/home/calua/number_plate/data/ocr/test/real_f7e884d74150.jpg
test,1,MH14DX9938,9938,6,False,0.638,/home/calua/number_plate/data/ocr/test/real_84d7152c138a.jpg
test,1,MH02DZ9898,9898,6,False,0.795,/home/calua/number_plate/data/ocr/test/real_2f9b65548375.jpg
test,1,GJ01MW7581,ND1758,6,False,0.646,/home/calua/number_plate/data/ocr/test/real_3c8add60600e.jpg
test,1,MH03AM3025,13025,6,False,0.76,/home/calua/number_plate/data/ocr/test/real_15fe4d7e7383.jpg
test,1,UP80CR00,80,6,False,0.625,/home/calua/number_plate/data/ocr/test/real_587cc29d99f4.jpg
train,2,MH01AX3070,MHAX,6,False,0.623,/home/calua/number_plate/data/ocr/train/real_81ae03e10b34.jpg
train,1,MH01AV7461,17461,5,False,0.64,/home/calua/number_plate/data/ocr/train/real_a441a7f390fa.jpg
train,1,BR01DG6692,18801066692,5,False,0.674,/home/calua/number_plate/data/ocr/train/real_55abcdaec169.jpg
train,1,BR01AW1250,BRQA20,5,False,0.506,/home/calua/number_plate/data/ocr/train/real_2535113abd5d.jpg
train,1,TS08FZ8298,TS8F2,5,False,0.557,/home/calua/number_plate/data/ocr/train/real_602d3f4e3d48.jpg
train,1,GJ12FA0735,FEJ13F10739,5,False,0.541,/home/calua/number_plate/data/ocr/train/real_1b7f0dbf9b0b.jpg
train,1,MH47N4570,MH47,5,False,0.636,/home/calua/number_plate/data/ocr/train/real_3cadb60a3208.jpg
train,1,HR99EX6037,HR99EEXTEMP6037,5,False,0.718,/home/calua/number_plate/data/ocr/train/real_4b678051e03f.jpg
train,1,RJ27TA1143,R27A3,5,False,0.605,/home/calua/number_plate/data/ocr/train/real_8027a2be682a.jpg
train,1,DL10CG4693,INDDL10CGG2693,5,False,0.593,/home/calua/number_plate/data/ocr/train/real_5e7e71958510.jpg
train,1,DL6CAB123X,INODL6CAB12123X,5,False,0.599,/home/calua/number_plate/data/ocr/train/real_fd175df534dd.jpg
train,1,AR118724,8784,5,False,0.652,/home/calua/number_plate/data/ocr/train/real_03a57421f804.jpg
train,1,MH05DS8679,MHO05067,5,False,0.604,/home/calua/number_plate/data/ocr/train/real_983224916bb0.jpg
train,1,MH46AD5258,46258,5,False,0.576,/home/calua/number_plate/data/ocr/train/real_6f8763379a09.jpg
train,1,AR01J0123,AR23,5,False,0.608,/home/calua/number_plate/data/ocr/train/real_264378cd408a.jpg
train,1,MH02DJ8952,2018952,5,False,0.614,/home/calua/number_plate/data/ocr/train/real_63b47e092b4b.jpg
train,1,MH02DS9365,MHH0212DS939365,5,False,0.599,/home/calua/number_plate/data/ocr/train/real_6bc43eecbef3.jpg
train,1,RJ09C84382,TE308C84389,5,False,0.635,/home/calua/number_plate/data/ocr/train/real_6ebf6835c9ef.jpg
train,1,KL55R2473,KL55,5,False,0.628,/home/calua/number_plate/data/ocr/train/real_12dd5c623ef3.jpg
train,1,MH02DS9365,039365,5,False,0.782,/home/calua/number_plate/data/ocr/train/real_2749b3db6a56.jpg
train,1,JK13C4452,送136852,5,False,0.529,/home/calua/number_plate/data/ocr/train/real_030b43047656.jpg
train,1,MH01AU0059,HO1AUO0SS,5,False,0.698,/home/calua/number_plate/data/ocr/train/real_464cf952be6f.jpg
train,1,MH4705851,1055851,5,False,0.593,/home/calua/number_plate/data/ocr/train/real_5d474f12da67.jpg
train,1,MH02BQ9628,MB02BQ,5,False,0.718,/home/calua/number_plate/data/ocr/train/real_11139e36a58b.jpg
train,1,MH47N4570,MH47,5,False,0.59,/home/calua/number_plate/data/ocr/train/real_d85af3985aa5.jpg
train,1,RJ27TC0530,U87160530,5,False,0.581,/home/calua/number_plate/data/ocr/train/real_87580de0e474.jpg
train,1,AN01D4163,HANO1D40538,5,False,0.564,/home/calua/number_plate/data/ocr/train/real_b115dcc211f9.jpg
train,1,MH02DS9365,109365,5,False,0.632,/home/calua/number_plate/data/ocr/train/real_309dd28f8004.jpg
train,1,PY01CV2447,PYOC242,5,False,0.61,/home/calua/number_plate/data/ocr/train/real_3dce889d91e3.jpg
train,1,MH02EE8407,NO2EE207,5,False,0.501,/home/calua/number_plate/data/ocr/train/real_f6eb6ad86da0.jpg
train,1,PB10CQ0006,PEIOCO000,5,False,0.608,/home/calua/number_plate/data/ocr/train/real_4db34c8ce74b.jpg
train,1,KL55R2473,5527,5,False,0.637,/home/calua/number_plate/data/ocr/train/real_c0429adb9136.jpg
train,1,MH01AU0059,MHO100,5,False,0.523,/home/calua/number_plate/data/ocr/train/real_2b8475b8d0bb.jpg
train,1,MH02DS9365,MHH022DS9336365,5,False,0.546,/home/calua/number_plate/data/ocr/train/real_646003e6add6.jpg
train,1,HR99EX6037,HR99EXTEMP66037,5,False,0.781,/home/calua/number_plate/data/ocr/train/real_fde6d8003e02.jpg
val,1,MH43BU2401,MUA3BU2,5,False,0.614,/home/calua/number_plate/data/ocr/val/real_7f9bafc90233.jpg
val,1,CG22AB1111,CO22181,5,False,0.509,/home/calua/number_plate/data/ocr/val/real_bd3d5f143b3d.jpg
val,1,PY01BL1155,BLL155,5,False,0.624,/home/calua/number_plate/data/ocr/val/real_84b5635c1cc1.jpg
val,1,MH20CS1941,MH941,5,False,0.652,/home/calua/number_plate/data/ocr/val/real_b8946e182b58.jpg
val,1,MH01DT1917,MHO1DT,5,False,0.749,/home/calua/number_plate/data/ocr/val/real_cf0b342ff49f.jpg
val,1,HR99BJ6662,HR99BJTTEMP6662,5,False,0.721,/home/calua/number_plate/data/ocr/val/real_75e23ee337a0.jpg
val,1,MH01BT9066,XE电8T9066,5,False,0.564,/home/calua/number_plate/data/ocr/val/real_64656fecee39.jpg
val,1,MH02EU4077,O28O4077,5,False,0.549,/home/calua/number_plate/data/ocr/val/real_04913c0545f6.jpg
val,1,TN52U1580,1580,5,False,0.705,/home/calua/number_plate/data/ocr/val/real_41a212ad9550.jpg
test,1,MH04GM7982,INOMHOZGM7982,5,False,0.615,/home/calua/number_plate/data/ocr/test/real_e1f3496f199e.jpg
train,2,MH02EZ2599,HH022599EZ,5,False,0.634,/home/calua/number_plate/data/ocr/train/real_32ef74d270a6.jpg
test,2,MH47AV6753,IND皖MH47AV67553,5,False,0.662,/home/calua/number_plate/data/ocr/test/real_2c6969cd4952.jpg
test,3,TN66T5836,ONDATN66T583,5,False,0.648,/home/calua/number_plate/data/ocr/test/real_45e117eb098a.jpg
train,1,DL3CCQ0107,ONIDL33CCQ0107,4,False,0.665,/home/calua/number_plate/data/ocr/train/real_1cab6bb0bf68.jpg
train,1,KA04ME9869,ME9869,4,False,0.766,/home/calua/number_plate/data/ocr/train/real_bd050af56283.jpg
train,1,MH01AH8495,CHHO1AH8Z95,4,False,0.74,/home/calua/number_plate/data/ocr/train/real_a4192d6f3289.jpg
train,1,WB74X7605,X7605,4,False,0.811,/home/calua/number_plate/data/ocr/train/real_a08512a161ef.jpg
train,1,DL6CAB123X,INDCAB1123X,4,False,0.528,/home/calua/number_plate/data/ocr/train/real_b32c0766478f.jpg
train,1,MH01BD1897,011897,4,False,0.598,/home/calua/number_plate/data/ocr/train/real_844e9d1ba16e.jpg
train,1,MH01BD2186,BD2186,4,False,0.81,/home/calua/number_plate/data/ocr/train/real_efb59f68b82e.jpg
train,1,MH01CV6333,INDMH01CY6333,4,False,0.732,/home/calua/number_plate/data/ocr/train/real_5a26960dff2b.jpg
train,1,MH02DS3099,20S3099,4,False,0.522,/home/calua/number_plate/data/ocr/train/real_600c65ab056f.jpg
train,1,MH04DW8351,NDMHOZDW8351,4,False,0.574,/home/calua/number_plate/data/ocr/train/real_21138e3d1cef.jpg
train,1,KA51P7755,SKASTPT755,4,False,0.554,/home/calua/number_plate/data/ocr/train/real_f7982726ed1a.jpg
train,1,JK03A8042,JNO3AB048,4,False,0.582,/home/calua/number_plate/data/ocr/train/real_ff98b9ce4b77.jpg
train,1,TN21AT0492,PENNTN21AT0492,4,False,0.574,/home/calua/number_plate/data/ocr/train/real_d79101276259.jpg
train,1,KA29Z999,IND29999,4,False,0.527,/home/calua/number_plate/data/ocr/train/real_4104c2ff268b.jpg
train,1,MH01AX3070,101AX313070,4,False,0.668,/home/calua/number_plate/data/ocr/train/real_3e0209cb489b.jpg
train,1,RJ20UB0137,R42O0B137,4,False,0.501,/home/calua/number_plate/data/ocr/train/real_f30d0596683e.jpg
train,1,OD01Q4668,ODD1O406,4,False,0.602,/home/calua/number_plate/data/ocr/train/real_66e3bcd31e73.jpg
train,1,WB06H2237,06237,4,False,0.522,/home/calua/number_plate/data/ocr/train/real_9884b35390af.jpg
train,1,PY02L4602,0214642,4,False,0.585,/home/calua/number_plate/data/ocr/train/real_a5403292ba7a.jpg
train,1,HR99HA4575,HR99HATEMP4575,4,False,0.822,/home/calua/number_plate/data/ocr/train/real_7f6fc39a9fdc.jpg
train,1,MH02BQ9628,NI02BQ9662,4,False,0.614,/home/calua/number_plate/data/ocr/train/real_fd5eeeae9a6c.jpg
train,1,MH04DW8351,ONMHOZDW8351,4,False,0.564,/home/calua/number_plate/data/ocr/train/real_3fdd7db47d1a.jpg
train,1,AS01DS7523,1501057523,4,False,0.832,/home/calua/number_plate/data/ocr/train/real_0e3a385b7673.jpg
train,1,MH20BY3665,MH2120BY366565,4,False,0.59,/home/calua/number_plate/data/ocr/train/real_e8c6b982ef17.jpg
train,1,MH02DS9365,102PDS8365,4,False,0.502,/home/calua/number_plate/data/ocr/train/real_9de613365da9.jpg
train,1,KL53E964,53E9E964,4,False,0.761,/home/calua/number_plate/data/ocr/train/real_db7765d49119.jpg
train,1,GA03R9230,GAOER980,4,False,0.562,/home/calua/number_plate/data/ocr/train/real_efb76a710cb1.jpg
train,1,MH14DT8831,ADT8831,4,False,0.662,/home/calua/number_plate/data/ocr/train/real_3f717e8832f5.jpg
train,1,BR01AZ6290,BE0726290,4,False,0.558,/home/calua/number_plate/data/ocr/train/real_2b82607ecd5d.jpg
train,1,MH02CR8276,2CR276,4,False,0.573,/home/calua/number_plate/data/ocr/train/real_18e2ef48c2b5.jpg
train,1,MH02BJ2456,20HMBJ2456,4,False,0.65,/home/calua/number_plate/data/ocr/train/real_52e20966ecb0.jpg
train,1,KA04MN3622,KAA0ZMN313622,4,False,0.551,/home/calua/number_plate/data/ocr/train/real_989955db8425.jpg
train,1,MH02BQ9628,MEL02BQ96,4,False,0.7,/home/calua/number_plate/data/ocr/train/real_04b7b6ccc2bb.jpg
train,1,MH01AU0059,KRO1A00059,4,False,0.597,/home/calua/number_plate/data/ocr/train/real_ca80f438a293.jpg
train,1,MH02EP4454,CH021P6654,4,False,0.684,/home/calua/number_plate/data/ocr/train/real_bf17a1e6a50a.jpg
train,1,NL01T8152,WU017B152,4,False,0.671,/home/calua/number_plate/data/ocr/train/real_03dc40798361.jpg
train,1,MH02DJ8952,MHC02DJ4903,4,False,0.561,/home/calua/number_plate/data/ocr/train/real_7ac422eefc0a.jpg
train,1,MH02DS9365,MHH022DS939365,4,False,0.582,/home/calua/number_plate/data/ocr/train/real_538f4566a5cf.jpg
train,1,KL34A7564,AE4A7584,4,False,0.579,/home/calua/number_plate/data/ocr/train/real_a80131748acc.jpg
train,1,MH02DS9365,MH1028365,4,False,0.591,/home/calua/number_plate/data/ocr/train/real_99a7a0276d47.jpg
val,1,KL46R3613,CLA683813,4,False,0.531,/home/calua/number_plate/data/ocr/val/real_965f6e43f336.jpg
val,1,MH02EU4077,E024077,4,False,0.774,/home/calua/number_plate/data/ocr/val/real_20f6cae0c45e.jpg
val,1,PB11AG0774,P81460774,4,False,0.724,/home/calua/number_plate/data/ocr/val/real_fde9596b166a.jpg
val,1,PB11AG0774,P8IIA60774,4,False,0.656,/home/calua/number_plate/data/ocr/val/real_80ba0005bc1f.jpg
val,1,MH02EU4077,E024077,4,False,0.728,/home/calua/number_plate/data/ocr/val/real_2554f1d7e9b9.jpg
val,1,MH01AM5810,L011L5810,4,False,0.645,/home/calua/number_plate/data/ocr/val/real_0139ad87a8e7.jpg
val,1,GJ07BR1336,NDJ07BR13,4,False,0.615,/home/calua/number_plate/data/ocr/val/real_d2d5d60cf2c3.jpg
test,1,MH12SF3212,SF3212,4,False,0.746,/home/calua/number_plate/data/ocr/test/real_a7b7ca443720.jpg
test,1,MH02DZ9898,029898,4,False,0.526,/home/calua/number_plate/data/ocr/test/real_aefbb5deba13.jpg
test,1,MH14TCF460,TCF460,4,False,0.62,/home/calua/number_plate/data/ocr/test/real_a71156834b5a.jpg
test,1,MH02BT6482,MHO022BI66482,4,False,0.525,/home/calua/number_plate/data/ocr/test/real_b1720993f473.jpg
test,1,MH02BT6482,MH0228166482,4,False,0.611,/home/calua/number_plate/data/ocr/test/real_f14b5864fa15.jpg
test,1,MH02BT6482,MHO02BBI66482,4,False,0.552,/home/calua/number_plate/data/ocr/test/real_0dffc56a5a55.jpg
test,1,AP07AN3915,PDZAN391S,4,False,0.754,/home/calua/number_plate/data/ocr/test/real_cd6513dbe77a.jpg
test,1,MH02ER9194,INDMHO2ER9194,4,False,0.629,/home/calua/number_plate/data/ocr/test/real_2b3452424578.jpg
test,1,MH01AE8017,INDMHO01AE8017,4,False,0.73,/home/calua/number_plate/data/ocr/test/real_19d8792d4140.jpg
test,1,MH02BT6482,W蓬028I6482,4,False,0.609,/home/calua/number_plate/data/ocr/test/real_77521ffbfda7.jpg
test,1,MH02BT6482,MH0228166482,4,False,0.618,/home/calua/number_plate/data/ocr/test/real_e9440fd3333b.jpg
test,2,MH47AV6753,INDMH47AV67553,4,False,0.651,/home/calua/number_plate/data/ocr/test/real_7be241764319.jpg
train,1,MH47AG4326,HZ7AGL326,3,False,0.816,/home/calua/number_plate/data/ocr/train/real_d317f9709049.jpg
train,1,MH4705851,475851,3,False,0.633,/home/calua/number_plate/data/ocr/train/real_824abe0f69a4.jpg
train,1,RJ27TC0530,Q7TC0530,3,False,0.689,/home/calua/number_plate/data/ocr/train/real_820d168e010f.jpg
train,1,MH4705851,475851,3,False,0.54,/home/calua/number_plate/data/ocr/train/real_954df1fca8bc.jpg
train,1,MH20EE0943,MH2200943,3,False,0.552,/home/calua/number_plate/data/ocr/train/real_d7a1b442868f.jpg
train,1,MH05EJ3005,MHMH05EJJ3005,3,False,0.537,/home/calua/number_plate/data/ocr/train/real_04f69d3ef6dd.jpg
train,1,MH02DN8718,INDMH02DN8718,3,False,0.701,/home/calua/number_plate/data/ocr/train/real_f280d2e4b90f.jpg
train,1,MH4705851,475851,3,False,0.602,/home/calua/number_plate/data/ocr/train/real_a30e6a4c2d46.jpg
train,1,MH01AH8495,HHO1AH8Z95,3,False,0.779,/home/calua/number_plate/data/ocr/train/real_ecafd51d2d2c.jpg
train,1,JK02ACB876,X02AC8876,3,False,0.737,/home/calua/number_plate/data/ocr/train/real_65d39817cf4b.jpg
train,1,HR01W0080,HRO1X008C,3,False,0.584,/home/calua/number_plate/data/ocr/train/real_c925e5ac5cc3.jpg
train,1,MH20BY3665,MHH20BY366665,3,False,0.507,/home/calua/number_plate/data/ocr/train/real_9f5d6416b9a4.jpg
train,1,MH4705851,475851,3,False,0.519,/home/calua/number_plate/data/ocr/train/real_89537abbd861.jpg
train,1,MH4705851,475851,3,False,0.631,/home/calua/number_plate/data/ocr/train/real_da9ae82a615a.jpg
train,1,TN38BY4191,TN38BY4,3,False,0.785,/home/calua/number_plate/data/ocr/train/real_460d66017900.jpg
train,1,ML05L1434,SM5L1434,3,False,0.608,/home/calua/number_plate/data/ocr/train/real_650f97fccd25.jpg
train,1,MH02DN8718,INDMH02DN8718,3,False,0.733,/home/calua/number_plate/data/ocr/train/real_2ef000aaff9a.jpg
train,1,MH02DN8718,INDMH02DN8718,3,False,0.641,/home/calua/number_plate/data/ocr/train/real_47d08aadfcc3.jpg
train,1,MH14EU3498,INDMH14EU3498,3,False,0.626,/home/calua/number_plate/data/ocr/train/real_f300a50f05f8.jpg
train,1,MH02DS9365,MHH02DS933365,3,False,0.623,/home/calua/number_plate/data/ocr/train/real_8553d44069b5.jpg
train,1,SK01PB3596,ESK01P07596,3,False,0.695,/home/calua/number_plate/data/ocr/train/real_44bb7f0a3076.jpg
train,1,PB02CC7299,2CC7299,3,False,0.699,/home/calua/number_plate/data/ocr/train/real_3ceed139da34.jpg
train,1,OD25F7400,002577400,3,False,0.825,/home/calua/number_plate/data/ocr/train/real_aad82d345e40.jpg
train,1,RJ27TC0530,U2TC0530,3,False,0.67,/home/calua/number_plate/data/ocr/train/real_73d9cf6f555a.jpg
train,1,DL8CZ7230,DLC230,3,False,0.584,/home/calua/number_plate/data/ocr/train/real_525114ad7bae.jpg
train,1,MH01AU0059,KH01AUQ05S,3,False,0.688,/home/calua/number_plate/data/ocr/train/real_de623ac2378d.jpg
train,1,MH02DS9365,MHH02DS933365,3,False,0.505,/home/calua/number_plate/data/ocr/train/real_a13d8c49e3fb.jpg
train,1,MH14EY5972,话14E15972,3,False,0.772,/home/calua/number_plate/data/ocr/train/real_7cfbf449a3b5.jpg
train,1,MH02EE8407,THD2EE8207,3,False,0.762,/home/calua/number_plate/data/ocr/train/real_bbf6714b2a04.jpg
train,1,MH02DN8718,ONIMH02DN8718,3,False,0.616,/home/calua/number_plate/data/ocr/train/real_d11b69cda7d0.jpg
train,1,MH4705851,475851,3,False,0.622,/home/calua/number_plate/data/ocr/train/real_b36f875d0c09.jpg
train,1,MH02DS9365,MH022DS939365,3,False,0.544,/home/calua/number_plate/data/ocr/train/real_89ae10451ef6.jpg
train,1,KL43D4389,KL2302389,3,False,0.582,/home/calua/number_plate/data/ocr/train/real_3f4566bd7d3d.jpg
train,1,MH02BQ9628,TE02BQ9625,3,False,0.695,/home/calua/number_plate/data/ocr/train/real_a137f5d48933.jpg
train,1,MH4705851,MH5851,3,False,0.537,/home/calua/number_plate/data/ocr/train/real_e975c06a8bcc.jpg
train,1,MH02BQ9628,N02BQ9625,3,False,0.776,/home/calua/number_plate/data/ocr/train/real_664d9772044a.jpg
train,1,DL7CN5617,DL7C561717,3,False,0.56,/home/calua/number_plate/data/ocr/train/real_039d06b4721d.jpg
train,1,MH4705851,MH055851,3,False,0.59,/home/calua/number_plate/data/ocr/train/real_2f6b4a157c5a.jpg
train,1,KL54H369,KI5469,3,False,0.555,/home/calua/number_plate/data/ocr/train/real_06a27a40da9c.jpg
train,1,TN58AM1,TN558BAM,3,False,0.581,/home/calua/number_plate/data/ocr/train/real_eeddc35b76cf.jpg
train,1,TN58AM1,TN558BAM,3,False,0.595,/home/calua/number_plate/data/ocr/train/real_8be3170ee7cb.jpg
train,1,DL40NA7238,DLZNA723,3,False,0.704,/home/calua/number_plate/data/ocr/train/real_a49b3a9c59e8.jpg
train,1,MH02DN8718,INDMH02DN8718,3,False,0.68,/home/calua/number_plate/data/ocr/train/real_edd19cbac34f.jpg
train,1,TS18T3899,151813899,3,False,0.766,/home/calua/number_plate/data/ocr/train/real_cc5e81874a04.jpg
train,1,AN01K9412,FANDIK9412,3,False,0.762,/home/calua/number_plate/data/ocr/train/real_bad2beda5903.jpg
train,1,MH14FM6930,N14FV6930,3,False,0.606,/home/calua/number_plate/data/ocr/train/real_9059ec5002e4.jpg
train,1,MH20EE7597,MH2075597,3,False,0.597,/home/calua/number_plate/data/ocr/train/real_ec23dd246078.jpg
train,1,MH02DN8718,INDMH02DN8718,3,False,0.592,/home/calua/number_plate/data/ocr/train/real_ca3fd23a6f1e.jpg
train,1,MH02DS9365,MHH022DS3365,3,False,0.62,/home/calua/number_plate/data/ocr/train/real_11f474ea418e.jpg
train,1,MH02BQ9628,WL02BQ9629,3,False,0.72,/home/calua/number_plate/data/ocr/train/real_01c120c1ea3d.jpg
train,1,GJ01RK2430,GJO1RK2AC0,3,False,0.65,/home/calua/number_plate/data/ocr/train/real_fd202f10c852.jpg
train,1,GJ18BD5216,G18805216,3,False,0.847,/home/calua/number_plate/data/ocr/train/real_769f85c76bba.jpg
train,1,MH03CS6266,MH03CS8288,3,False,0.837,/home/calua/number_plate/data/ocr/train/real_e85b3d68e638.jpg
train,1,DL3CAY2231,DL3DL3CAY2231,3,False,0.688,/home/calua/number_plate/data/ocr/train/real_a6ed786a941e.jpg
train,1,MH02BQ9628,T02BQ9828,3,False,0.652,/home/calua/number_plate/data/ocr/train/real_a61fb2e33236.jpg
train,1,MH4705851,475851,3,False,0.562,/home/calua/number_plate/data/ocr/train/real_f509ebcbf136.jpg
train,1,OD22J9911,0022J991,3,False,0.596,/home/calua/number_plate/data/ocr/train/real_197c11ca44fe.jpg
train,1,AR08983,电08963,3,False,0.575,/home/calua/number_plate/data/ocr/train/real_05b8ca182f78.jpg
train,1,MH47N4570,7N4570,3,False,0.79,/home/calua/number_plate/data/ocr/train/real_f0c28930b8ec.jpg
train,1,MH02BQ9628,NE02BQ9625,3,False,0.777,/home/calua/number_plate/data/ocr/train/real_3505bc2fd63c.jpg
train,1,MH01AH8495,HO01AH8295,3,False,0.728,/home/calua/number_plate/data/ocr/train/real_173a449cc28c.jpg
train,1,MH01CT9150,HOICT9150,3,False,0.517,/home/calua/number_plate/data/ocr/train/real_c70775915e5c.jpg
train,1,GJ15CD0564,INDGJ15CD0564,3,False,0.673,/home/calua/number_plate/data/ocr/train/real_eece3d93700b.jpg
train,1,JH01AM2354,THOIAM2354,3,False,0.691,/home/calua/number_plate/data/ocr/train/real_44d90dc3c1c2.jpg
train,1,MH01AH8495,PDMHO1AH8495,3,False,0.562,/home/calua/number_plate/data/ocr/train/real_d03cf20c7a7d.jpg
train,1,DL10CG4693,INDDL10CG4693,3,False,0.523,/home/calua/number_plate/data/ocr/train/real_5b05f9631e01.jpg
train,1,KA51D9662,KA51D603,3,False,0.792,/home/calua/number_plate/data/ocr/train/real_631e796f3e9b.jpg
train,1,TS09EA4088,TEDEA4088,3,False,0.597,/home/calua/number_plate/data/ocr/train/real_ac7215eb80cb.jpg
train,1,MH02EK4399,N02EX4399,3,False,0.612,/home/calua/number_plate/data/ocr/train/real_ad87bd32d48f.jpg
train,1,MH01AM9839,ML01L9839,3,False,0.65,/home/calua/number_plate/data/ocr/train/real_0dfd4279afd9.jpg
train,1,WB26K2760,NA26E2760,3,False,0.582,/home/calua/number_plate/data/ocr/train/real_7607e1678c6c.jpg
train,1,MH14EU3498,INDMH14EU3498,3,False,0.714,/home/calua/number_plate/data/ocr/train/real_445eba1e2828.jpg
train,1,DL3CCQ0107,SDL33CC00107,3,False,0.615,/home/calua/number_plate/data/ocr/train/real_297eaf46d0ec.jpg
train,1,MH02DN8718,INOMH02DN8718,3,False,0.679,/home/calua/number_plate/data/ocr/train/real_475c185a6ed2.jpg
train,1,MH02FN2783,INOMH02FN2783,3,False,0.622,/home/calua/number_plate/data/ocr/train/real_d69f40f405ab.jpg
train,1,GJ15CD0564,INDGJ15CD0564,3,False,0.661,/home/calua/number_plate/data/ocr/train/real_c66cbb9e25b0.jpg
train,1,HR01H4731,SHROTH4731,3,False,0.746,/home/calua/number_plate/data/ocr/train/real_f5f9cf4a1c9a.jpg
train,1,MH02DS9365,MH1022DS69365,3,False,0.609,/home/calua/number_plate/data/ocr/train/real_02c077814cc0.jpg
train,1,MH13BN4348,MH134328,3,False,0.695,/home/calua/number_plate/data/ocr/train/real_0a11891f68de.jpg
val,1,KL25B2001,255B2001,3,False,0.656,/home/calua/number_plate/data/ocr/val/real_d8c9e369a261.jpg
val,1,DL3CCK8019,EOL3CCX8019,3,False,0.769,/home/calua/number_plate/data/ocr/val/real_0ab606fc546d.jpg
val,1,MH14EH7958,MHEH17958,3,False,0.59,/home/calua/number_plate/data/ocr/val/real_ff084558ffee.jpg
val,1,JK01D8354,CJX0108354,3,False,0.636,/home/calua/number_plate/data/ocr/val/real_07157319cbc8.jpg
val,1,MH46X9996,INOMH46X9996,3,False,0.569,/home/calua/number_plate/data/ocr/val/real_dd4ec0baef59.jpg
val,1,AP2D4014,AP2D10,3,False,0.666,/home/calua/number_plate/data/ocr/val/real_49635ace274f.jpg
val,1,MH14EH7958,MHEH17958,3,False,0.615,/home/calua/number_plate/data/ocr/val/real_bbe7bb764b79.jpg
val,1,MH12DE1433,2DE1433,3,False,0.717,/home/calua/number_plate/data/ocr/val/real_b5ef4c5aed11.jpg
val,1,PY01AH9067,PYQIAH906,3,False,0.721,/home/calua/number_plate/data/ocr/val/real_bc0757168369.jpg
val,1,TN63BV7954,TH638V7952,3,False,0.738,/home/calua/number_plate/data/ocr/val/real_9b6717e73c39.jpg
val,1,MH01AM5810,DIN01AM5810,3,False,0.618,/home/calua/number_plate/data/ocr/val/real_19027e65a20e.jpg
val,1,TN74AL5074,TN7ZAL5507,3,False,0.648,/home/calua/number_plate/data/ocr/val/real_b4a54eab8c78.jpg
val,1,MH14EH7958,MH4EH717958,3,False,0.597,/home/calua/number_plate/data/ocr/val/real_112787e1ee63.jpg
val,1,PB11AG0774,P811460774,3,False,0.838,/home/calua/number_plate/data/ocr/val/real_cc888bae4353.jpg
val,1,TN74AL5074,TN7LAL5507,3,False,0.646,/home/calua/number_plate/data/ocr/val/real_06759c8d13bb.jpg
val,1,MH01DT1917,INDMH01DT1917,3,False,0.723,/home/calua/number_plate/data/ocr/val/real_982f61e67643.jpg
test,1,KL454455,254455,3,False,0.54,/home/calua/number_plate/data/ocr/test/real_da0bd5a336c9.jpg
test,1,TN42R2697,TN42692,3,False,0.747,/home/calua/number_plate/data/ocr/test/real_3b7a4fa1cada.jpg
test,1,AS01BF9673,PAS018F9573,3,False,0.706,/home/calua/number_plate/data/ocr/test/real_339e4f240b80.jpg
test,1,HR26DK0830,INOHR26DK0830,3,False,0.539,/home/calua/number_plate/data/ocr/test/real_d82bd0f0861d.jpg
test,1,MH02BT6482,MH022BIE6482,3,False,0.565,/home/calua/number_plate/data/ocr/test/real_0a59f418a57a.jpg
test,1,MH47AV6753,INDMH47AV6753,3,False,0.614,/home/calua/number_plate/data/ocr/test/real_e9ff51a92de8.jpg
test,1,MH02BT6482,MHO022BI6482,3,False,0.657,/home/calua/number_plate/data/ocr/test/real_1a8eeb10e10d.jpg
test,1,MH02BT6482,MH022BI66482,3,False,0.663,/home/calua/number_plate/data/ocr/test/real_f6f64ef5cbce.jpg
test,1,TN38BW1139,TNN388BW11139,3,False,0.643,/home/calua/number_plate/data/ocr/test/real_03a5fb0693b2.jpg
test,1,TN42R2697,TN42L692,3,False,0.66,/home/calua/number_plate/data/ocr/test/real_6a235cd1c263.jpg
test,1,MH02ER9194,HO2ER919,3,False,0.74,/home/calua/number_plate/data/ocr/test/real_9f189122a2b9.jpg
test,1,MH01AE8017,INDMH01AE8017,3,False,0.732,/home/calua/number_plate/data/ocr/test/real_070b3c9ec4c2.jpg
test,1,MH01DB1477,MHO1DB141477,3,False,0.773,/home/calua/number_plate/data/ocr/test/real_d768572ba34f.jpg
test,1,MH02BT6482,WE02BI6482,3,False,0.765,/home/calua/number_plate/data/ocr/test/real_5080d53ba5d2.jpg
test,1,MH02BT6482,MHO02BIE6482,3,False,0.59,/home/calua/number_plate/data/ocr/test/real_5b79b4cfb0e6.jpg
test,1,WB02A03017,B02AD307,3,False,0.605,/home/calua/number_plate/data/ocr/test/real_2fc96f5004d6.jpg
test,1,MH02BT6482,MHO02BBT66482,3,False,0.526,/home/calua/number_plate/data/ocr/test/real_caed1e1848b1.jpg
test,1,MH02BT6482,MH028166482,3,False,0.642,/home/calua/number_plate/data/ocr/test/real_f2f0218835ed.jpg
test,1,CG07R2684,CC07A2884,3,False,0.685,/home/calua/number_plate/data/ocr/test/real_747cdc4582a1.jpg
test,1,MH02BT6482,MH022BI66482,3,False,0.673,/home/calua/number_plate/data/ocr/test/real_affde2faa7b2.jpg
test,1,ML05C5389,ML0SCS388,3,False,0.646,/home/calua/number_plate/data/ocr/test/real_08397cad17e8.jpg
test,1,KL12G7531,KL7531,3,False,0.658,/home/calua/number_plate/data/ocr/test/real_4f8c0894013d.jpg
test,1,MH02BT6482,KI12BT6482,3,False,0.706,/home/calua/number_plate/data/ocr/test/real_e6858ebeaa9a.jpg
test,1,CG04HA4553,CG04HA6655,3,False,0.702,/home/calua/number_plate/data/ocr/test/real_b8cf128e6c9d.jpg
train,2,KA05HS4495,KASH64495,3,False,0.65,/home/calua/number_plate/data/ocr/train/real_e9b9984a7f8c.jpg
val,2,KL06H5834,KL5834,3,False,0.661,/home/calua/number_plate/data/ocr/val/real_1bdd0a3a56b4.jpg
test,2,MH47AV6753,INDMH47AV6753,3,False,0.641,/home/calua/number_plate/data/ocr/test/real_511f7c1c2d29.jpg
test,2,MH47AV6753,INDMH47AV6753,3,False,0.744,/home/calua/number_plate/data/ocr/test/real_d5381b81b696.jpg
test,2,MH47AV6753,INDMH47AV6753,3,False,0.743,/home/calua/number_plate/data/ocr/test/real_bd3bb9d3148a.jpg
train,1,MH02EE8407,H02EE807,2,False,0.632,/home/calua/number_plate/data/ocr/train/real_984b102735bb.jpg
train,1,MH01BM4824,MHOBM4824,2,False,0.55,/home/calua/number_plate/data/ocr/train/real_288df15dcb86.jpg
train,1,AP28AT5333,AP2845333,2,False,0.767,/home/calua/number_plate/data/ocr/train/real_3f392efb9ced.jpg
train,1,HR29AQ4939,HR29A0Z939,2,False,0.796,/home/calua/number_plate/data/ocr/train/real_d20b1c4f568a.jpg
train,1,HP302165,302165,2,False,0.678,/home/calua/number_plate/data/ocr/train/real_cf3ebdb18e83.jpg
train,1,MH47Y1124,MH1471124,2,False,0.613,/home/calua/number_plate/data/ocr/train/real_f6fbb95c0f95.jpg
train,1,MH02DS9365,MH02DS959365,2,False,0.716,/home/calua/number_plate/data/ocr/train/real_e884c8e09ce4.jpg
train,1,MH20EE045,MH220EE45,2,False,0.575,/home/calua/number_plate/data/ocr/train/real_608061e444a5.jpg
train,1,JK02BJ4045,UX02BJ4045,2,False,0.635,/home/calua/number_plate/data/ocr/train/real_3e33eb58450a.jpg
train,1,MH20EE0943,MH200943,2,False,0.616,/home/calua/number_plate/data/ocr/train/real_981551187590.jpg
train,1,PB07BL8058,P8078L8058,2,False,0.835,/home/calua/number_plate/data/ocr/train/real_518e605b8bee.jpg
train,1,MH02DJ8952,MH2J8952,2,False,0.66,/home/calua/number_plate/data/ocr/train/real_1abb3ab1867d.jpg
train,1,PB08CX2959,PB083CX22959,2,False,0.688,/home/calua/number_plate/data/ocr/train/real_fd501ac6579a.jpg
train,1,DL3CAY9324,DL33CAY99324,2,False,0.721,/home/calua/number_plate/data/ocr/train/real_0b8d170c6f95.jpg
train,1,MH4705851,MHL47055851,2,False,0.611,/home/calua/number_plate/data/ocr/train/real_56a278da05ff.jpg
train,1,TN09CH7770,TN90H7770,2,False,0.83,/home/calua/number_plate/data/ocr/train/real_f9601c8fe2d9.jpg
train,1,MH01AL9693,MHL0LAL9693,2,False,0.804,/home/calua/number_plate/data/ocr/train/real_c213e99942a5.jpg
train,1,MH47Y1124,MH1471124,2,False,0.617,/home/calua/number_plate/data/ocr/train/real_b3e138a33d64.jpg
train,1,MN01K5346,品MH01K5346,2,False,0.76,/home/calua/number_plate/data/ocr/train/real_22e5581d3bd1.jpg
train,1,MH12RT1105,WH12RT105,2,False,0.744,/home/calua/number_plate/data/ocr/train/real_f13f358921df.jpg
train,1,MH01DK4867,NH01DK2867,2,False,0.73,/home/calua/number_plate/data/ocr/train/real_036a406211b5.jpg
train,1,CH01A09331,FCH01AD9331,2,False,0.71,/home/calua/number_plate/data/ocr/train/real_29f9e2f855a8.jpg
train,1,MH02DS9365,MH02DS969365,2,False,0.656,/home/calua/number_plate/data/ocr/train/real_36e8cb58c35a.jpg
train,1,MZ01G9825,HZ0169825,2,False,0.761,/home/calua/number_plate/data/ocr/train/real_e626085b8d7a.jpg
train,1,TN59BE0939,TN59BEG932,2,False,0.854,/home/calua/number_plate/data/ocr/train/real_e948de577a32.jpg
train,1,JK01M4723,JK0TK4723,2,False,0.679,/home/calua/number_plate/data/ocr/train/real_503ae0ef5fc0.jpg
train,1,TS21J8351,US2138351,2,False,0.707,/home/calua/number_plate/data/ocr/train/real_5d2ddf49c598.jpg
train,1,KA01MB9714,A01M89714,2,False,0.786,/home/calua/number_plate/data/ocr/train/real_f840203946fb.jpg
train,1,MH01AX3070,MH013070,2,False,0.656,/home/calua/number_plate/data/ocr/train/real_31220acc1d1d.jpg
train,1,OD02V0007,0002V0007,2,False,0.765,/home/calua/number_plate/data/ocr/train/real_e48abe51368b.jpg
train,1,MH02DS9365,MH0202DS9365,2,False,0.7,/home/calua/number_plate/data/ocr/train/real_39bc6525cd1d.jpg
train,1,TS08ER1643,NDTS08ER1643,2,False,0.664,/home/calua/number_plate/data/ocr/train/real_b98972462741.jpg
train,1,MH20BY4465,KH20BYZ465,2,False,0.732,/home/calua/number_plate/data/ocr/train/real_f25bca65a391.jpg
train,1,MH01AL9693,MII01AL9693,2,False,0.734,/home/calua/number_plate/data/ocr/train/real_585cd177064c.jpg
train,1,MH03CS6266,MHO3CSS6266,2,False,0.701,/home/calua/number_plate/data/ocr/train/real_d6620138890e.jpg
train,1,MH20TC830C,N20TC830C,2,False,0.633,/home/calua/number_plate/data/ocr/train/real_f03d28269029.jpg
train,1,HR26DG6167,HR26DG61,2,False,0.795,/home/calua/number_plate/data/ocr/train/real_accc8f263306.jpg
train,1,KL10AV6633,KL110AV66633,2,False,0.767,/home/calua/number_plate/data/ocr/train/real_f69056ab5210.jpg
train,1,KA51ML4025,KAE13L4025,2,False,0.589,/home/calua/number_plate/data/ocr/train/real_809cf00866a1.jpg
train,1,MH01BT0050,MH018BT00050,2,False,0.605,/home/calua/number_plate/data/ocr/train/real_639808334310.jpg
train,1,TN66U8215,TN6616U8215,2,False,0.702,/home/calua/number_plate/data/ocr/train/real_038fc1f2b511.jpg
train,1,PB08BF6160,P8088F6160,2,False,0.876,/home/calua/number_plate/data/ocr/train/real_679413c12fec.jpg
train,1,MH02BQ9628,N02BQ9628,2,False,0.725,/home/calua/number_plate/data/ocr/train/real_322a90eaf87d.jpg
train,1,SK01T3794,SKD173794,2,False,0.743,/home/calua/number_plate/data/ocr/train/real_eac556ce4823.jpg
train,1,MH03BS7778,MH03BS767778,2,False,0.72,/home/calua/number_plate/data/ocr/train/real_ee52f9e0b688.jpg
train,1,MH01AV7461,WH0LAV7461,2,False,0.71,/home/calua/number_plate/data/ocr/train/real_a71244a5cd04.jpg
train,1,AN01H1689,BANO1H1689,2,False,0.704,/home/calua/number_plate/data/ocr/train/real_08df86e823a5.jpg
train,1,MH20BY4465,MH20BYLL65,2,False,0.769,/home/calua/number_plate/data/ocr/train/real_4b92076f179d.jpg
train,1,AP04AS8753,APO4AS8758,2,False,0.625,/home/calua/number_plate/data/ocr/train/real_2e5fb6e3b79f.jpg
train,1,MH02EE8407,NH02EE8207,2,False,0.818,/home/calua/number_plate/data/ocr/train/real_98c6b74adf76.jpg
train,1,BR01BL6628,OR91BL6628,2,False,0.695,/home/calua/number_plate/data/ocr/train/real_4b6718089ed8.jpg
train,1,ML1032811,M1082811,2,False,0.757,/home/calua/number_plate/data/ocr/train/real_0e1dbe1b4af9.jpg
train,1,MH12JC2813,MH12J2JC2813,2,False,0.661,/home/calua/number_plate/data/ocr/train/real_d1cf145cbb78.jpg
train,1,KL54H369,KI54369,2,False,0.577,/home/calua/number_plate/data/ocr/train/real_542a08701b83.jpg
train,1,ML06A1659,电L0641659,2,False,0.612,/home/calua/number_plate/data/ocr/train/real_450ed5ea1e5a.jpg
train,1,MH01AR5274,MO1AR5274,2,False,0.739,/home/calua/number_plate/data/ocr/train/real_5dfd6969f62c.jpg
train,1,DL8CAL4134,DL8C4134,2,False,0.769,/home/calua/number_plate/data/ocr/train/real_ce66769ad918.jpg
train,1,MH02DS9365,MH02DS969365,2,False,0.735,/home/calua/number_plate/data/ocr/train/real_d297624531eb.jpg
train,1,AP31DF2833,AP31DE2838,2,False,0.776,/home/calua/number_plate/data/ocr/train/real_0cdd2c46867a.jpg
train,1,SK01PA4521,SK01PA52,2,False,0.628,/home/calua/number_plate/data/ocr/train/real_bf81e7dbc60a.jpg
train,1,KA04MK312,KA0ZMX312,2,False,0.758,/home/calua/number_plate/data/ocr/train/real_972b2c73492a.jpg
train,1,KL05AK3300,IKLO05AK3300,2,False,0.554,/home/calua/number_plate/data/ocr/train/real_297f49919d89.jpg
train,1,MH02CL4017,H02CL017,2,False,0.715,/home/calua/number_plate/data/ocr/train/real_5779a6dc1dce.jpg
train,1,MH02BJ2456,02BJ2456,2,False,0.545,/home/calua/number_plate/data/ocr/train/real_0f064724ba8a.jpg
train,1,MH47Y1124,MH1471124,2,False,0.618,/home/calua/number_plate/data/ocr/train/real_3445bf7e88c9.jpg
train,1,TN59BE0939,TN59BEG932,2,False,0.818,/home/calua/number_plate/data/ocr/train/real_bc7b71311b29.jpg
train,1,MH20BY3665,MH20BY366665,2,False,0.655,/home/calua/number_plate/data/ocr/train/real_d99f4d768838.jpg
train,1,ML05H6564,HLD5H6564,2,False,0.693,/home/calua/number_plate/data/ocr/train/real_2bfa364081d9.jpg
train,1,JK01AL4613,PJK01ALZ613,2,False,0.786,/home/calua/number_plate/data/ocr/train/real_07cd157c899a.jpg
train,1,KA18P2987,KA18BP22987,2,False,0.599,/home/calua/number_plate/data/ocr/train/real_77f22d4b5dc3.jpg
train,1,MH02CR8276,N02CR8276,2,False,0.746,/home/calua/number_plate/data/ocr/train/real_461ce3e96f1d.jpg
train,1,PB11BG7347,PBIIBG7347,2,False,0.84,/home/calua/number_plate/data/ocr/train/real_15257847d085.jpg
train,1,TR01BG0365,TRO18G0365,2,False,0.83,/home/calua/number_plate/data/ocr/train/real_2e4fd454ac9b.jpg
train,1,MH02DS9365,MH02DS969365,2,False,0.722,/home/calua/number_plate/data/ocr/train/real_2a71fadf69f2.jpg
train,1,MH47Y1124,MH1471124,2,False,0.66,/home/calua/number_plate/data/ocr/train/real_d7288652ff32.jpg
train,1,GJ01RM3413,MGJ01RN3413,2,False,0.796,/home/calua/number_plate/data/ocr/train/real_ee038f656775.jpg
train,1,MH02DS9365,MH0212DS9365,2,False,0.686,/home/calua/number_plate/data/ocr/train/real_57e7df9eee93.jpg
train,1,MN01G0297,KN01G029Z,2,False,0.765,/home/calua/number_plate/data/ocr/train/real_88b4d5d8e7e7.jpg
train,1,TS09UA7948,1S09UA79481,2,False,0.842,/home/calua/number_plate/data/ocr/train/real_b1d0c603c171.jpg
train,1,KA18P2987,KA18BP22987,2,False,0.64,/home/calua/number_plate/data/ocr/train/real_bc0a6a7bbf3e.jpg
train,1,MH02BQ9628,I02BQ9628,2,False,0.567,/home/calua/number_plate/data/ocr/train/real_01302f3c6ec4.jpg
train,1,MH47Y1124,MH4471124,2,False,0.651,/home/calua/number_plate/data/ocr/train/real_4dc09684daab.jpg
train,1,TS08ER1643,NDTS08ER1643,2,False,0.656,/home/calua/number_plate/data/ocr/train/real_81338ffcd799.jpg
train,1,MH01BT7906,MHOLBT7906,2,False,0.825,/home/calua/number_plate/data/ocr/train/real_56573d6e70f5.jpg
train,1,ML08E9223,NL0839223,2,False,0.618,/home/calua/number_plate/data/ocr/train/real_bbcbf1a5983d.jpg
train,1,TN19TC91,19TC91,2,False,0.58,/home/calua/number_plate/data/ocr/train/real_c73fd8409fa8.jpg
train,1,MH01CT9150,MH019150,2,False,0.723,/home/calua/number_plate/data/ocr/train/real_8e222963469f.jpg
train,1,MH20EE7597,MH120EE75597,2,False,0.59,/home/calua/number_plate/data/ocr/train/real_7de3f95c4b5c.jpg
train,1,GJ15D0564,J15CD0564,2,False,0.886,/home/calua/number_plate/data/ocr/train/real_49310f7bab4d.jpg
train,1,MH02EE6842,HH02EE684,2,False,0.793,/home/calua/number_plate/data/ocr/train/real_ccf11d2511b4.jpg
train,1,KL01AX8000,01AX8000,2,False,0.851,/home/calua/number_plate/data/ocr/train/real_ae8a996462c4.jpg
train,1,WB12AX2987,ENB12AX2987,2,False,0.821,/home/calua/number_plate/data/ocr/train/real_1cecea2b92ef.jpg
train,1,MH14EH5819,MH1H14EH5819,2,False,0.734,/home/calua/number_plate/data/ocr/train/real_f53fc8418d06.jpg
train,1,MH01BT0050,MH01BT00,2,False,0.684,/home/calua/number_plate/data/ocr/train/real_cb133f21cd3c.jpg
train,1,MH02BQ9628,JE02BQ9628,2,False,0.749,/home/calua/number_plate/data/ocr/train/real_d3bc6baca756.jpg
train,1,MH01AH8495,HH01AH8295,2,False,0.778,/home/calua/number_plate/data/ocr/train/real_3bbc2cd61325.jpg
train,1,MH02BQ9628,B02BQ9628,2,False,0.617,/home/calua/number_plate/data/ocr/train/real_6e49bf3c6049.jpg
train,1,TN19TC91,TN199TC991,2,False,0.665,/home/calua/number_plate/data/ocr/train/real_9586c9d09d62.jpg
train,1,MH02MA5324,NH02MAS324,2,False,0.688,/home/calua/number_plate/data/ocr/train/real_a06af3bfdbaa.jpg
train,1,MH01AH8495,MHO1AH895,2,False,0.692,/home/calua/number_plate/data/ocr/train/real_75ef45de2f13.jpg
val,1,ML05G3474,L0563474,2,False,0.823,/home/calua/number_plate/data/ocr/val/real_6e9403111ddf.jpg
val,1,ML069642,EHL069642,2,False,0.735,/home/calua/number_plate/data/ocr/val/real_261459256b15.jpg
val,1,MH05DK1018,MH05DK101018,2,False,0.706,/home/calua/number_plate/data/ocr/val/real_e34937433eae.jpg
val,1,MH05DK1018,MH055DK11018,2,False,0.69,/home/calua/number_plate/data/ocr/val/real_a67b0d1552f8.jpg
val,1,MH05DK1018,105DK1018,2,False,0.676,/home/calua/number_plate/data/ocr/val/real_e4f62b29b1db.jpg
val,1,MH12DE1433,MH1122DE1433,2,False,0.551,/home/calua/number_plate/data/ocr/val/real_e9db1ad9443b.jpg
val,1,AP16BS4500,AP168S2500,2,False,0.832,/home/calua/number_plate/data/ocr/val/real_2559ed06e1e1.jpg
val,1,MH46X9996,MH46X99666,2,False,0.728,/home/calua/number_plate/data/ocr/val/real_96b3d8c8411b.jpg
val,1,MP45G0872,NP45G072,2,False,0.632,/home/calua/number_plate/data/ocr/val/real_d208dec1f1fc.jpg
val,1,MH01AM5810,ML011M5810,2,False,0.684,/home/calua/number_plate/data/ocr/val/real_84441a3df55a.jpg
val,1,TN28BA9999,TN2283BA9999,2,False,0.647,/home/calua/number_plate/data/ocr/val/real_76533f509bd4.jpg
test,1,ML10B4503,L1084503,2,False,0.849,/home/calua/number_plate/data/ocr/test/real_620975a22ec5.jpg
test,1,MH02BT6482,MHO02BI6482,2,False,0.665,/home/calua/number_plate/data/ocr/test/real_53da88e71c3e.jpg
test,1,HR26CM6005,HRR26CM66005,2,False,0.659,/home/calua/number_plate/data/ocr/test/real_fb007dbf8e7f.jpg
test,1,MH02ER9194,HO2ER9194,2,False,0.705,/home/calua/number_plate/data/ocr/test/real_27196a894e91.jpg
test,1,MH04EX7505,MH04EX75,2,False,0.744,/home/calua/number_plate/data/ocr/test/real_3cf1518227b6.jpg
test,1,BR03PA3803,BR3PA3003,2,False,0.677,/home/calua/number_plate/data/ocr/test/real_40b47778a62c.jpg
test,1,MH02ER9194,HO2ER9194,2,False,0.776,/home/calua/number_plate/data/ocr/test/real_9965611d9ab0.jpg
test,1,MH02BT6482,MH026482,2,False,0.623,/home/calua/number_plate/data/ocr/test/real_4ae139c68168.jpg
test,1,MH02ER9194,HO2ER9194,2,False,0.679,/home/calua/number_plate/data/ocr/test/real_3f6c2a296773.jpg
test,1,MH03CB6467,MHH03CB36467,2,False,0.621,/home/calua/number_plate/data/ocr/test/real_d95e4242d297.jpg
test,1,MH02ER9194,HO2ER9194,2,False,0.757,/home/calua/number_plate/data/ocr/test/real_bcccd6fd894c.jpg
test,1,MH02BT6482,MH02BI66482,2,False,0.523,/home/calua/number_plate/data/ocr/test/real_8b97570fb8bd.jpg
test,1,MH01DB1477,MH01DB141477,2,False,0.742,/home/calua/number_plate/data/ocr/test/real_00250c98a5e3.jpg
test,1,AP39GR3492,AP39683492,2,False,0.754,/home/calua/number_plate/data/ocr/test/real_30c5df9a2ed7.jpg
test,1,MH14DX9938,MHH140X9938,2,False,0.654,/home/calua/number_plate/data/ocr/test/real_11e7dfe05222.jpg
test,1,AS06Q4437,S0604437,2,False,0.679,/home/calua/number_plate/data/ocr/test/real_958fdda0c29a.jpg
test,1,MH05CH1754,BOH05CH1754,2,False,0.675,/home/calua/number_plate/data/ocr/test/real_b54b3415c273.jpg
test,1,JH05S3291,SH0553291,2,False,0.747,/home/calua/number_plate/data/ocr/test/real_5c93e63bcc36.jpg
test,1,HR26DK0830,ONHR26DK0830,2,False,0.572,/home/calua/number_plate/data/ocr/test/real_e7a542affdff.jpg
test,1,MH02BT6482,M022BT6482,2,False,0.704,/home/calua/number_plate/data/ocr/test/real_dfa330cde581.jpg
test,1,TN42R2697,TN422692,2,False,0.659,/home/calua/number_plate/data/ocr/test/real_7a38b4d02f39.jpg
test,1,MH02BT6482,MH02BTTE6482,2,False,0.52,/home/calua/number_plate/data/ocr/test/real_88c0b47e12c0.jpg
test,1,MH02ER9194,HO2ER9194,2,False,0.746,/home/calua/number_plate/data/ocr/test/real_a7ce2746e7af.jpg
test,1,MH02ER9194,HO2ER9194,2,False,0.789,/home/calua/number_plate/data/ocr/test/real_bf0d4e4ac355.jpg
test,1,MH02BT6482,MH026482,2,False,0.527,/home/calua/number_plate/data/ocr/test/real_5406ff367b3b.jpg
test,1,KL65H4383,KLE65H44383,2,False,0.608,/home/calua/number_plate/data/ocr/test/real_e4f1a8543eee.jpg
test,1,KL01KLKL01,01KLKL01,2,False,0.589,/home/calua/number_plate/data/ocr/test/real_daf3af3c2968.jpg
test,1,MH02BT6482,MH02BBI6482,2,False,0.752,/home/calua/number_plate/data/ocr/test/real_2f21d5aae60f.jpg
test,1,MH02BT6482,MHO02BI6482,2,False,0.729,/home/calua/number_plate/data/ocr/test/real_91dc9d9af3db.jpg
test,1,DL2CH8634,EOL2CH8634,2,False,0.797,/home/calua/number_plate/data/ocr/test/real_8473135337bc.jpg
test,1,JK072483,JKOZ2483,2,False,0.549,/home/calua/number_plate/data/ocr/test/real_ed3325a09098.jpg
test,1,MH02BT6482,MH026482,2,False,0.766,/home/calua/number_plate/data/ocr/test/real_0fc6481b4558.jpg
test,1,MH02BT6482,MH02BIG6482,2,False,0.544,/home/calua/number_plate/data/ocr/test/real_4c9f6105fda5.jpg
test,1,MH02ER9194,WHO2ER9194,2,False,0.805,/home/calua/number_plate/data/ocr/test/real_52c7eb8f117f.jpg
test,1,MH02BT6482,MH026482,2,False,0.649,/home/calua/number_plate/data/ocr/test/real_5ac9af840b77.jpg
test,1,MH03CB6467,MH033CB36467,2,False,0.517,/home/calua/number_plate/data/ocr/test/real_80fc3e1d5c0e.jpg
test,1,MH02ER9194,CHO2ER9194,2,False,0.736,/home/calua/number_plate/data/ocr/test/real_2f88e4e83068.jpg
test,1,MH02AQ2299,MH02A022299,2,False,0.652,/home/calua/number_plate/data/ocr/test/real_0707e6db9b2d.jpg
train,2,MH01BU1852,NOMH01BU1852,2,False,0.562,/home/calua/number_plate/data/ocr/train/real_d62163474d46.jpg
train,2,KL02AF6363,02AF6363,2,False,0.627,/home/calua/number_plate/data/ocr/train/real_e3281929c1ca.jpg
test,2,TN42R2697,TN42RL692,2,False,0.657,/home/calua/number_plate/data/ocr/test/real_e2e02c7d8321.jpg
test,2,MH02BK9793,MHNDBK9793,2,False,0.619,/home/calua/number_plate/data/ocr/test/real_2cf8a00fc24b.jpg
test,2,TN42R2697,TN42RL692,2,False,0.688,/home/calua/number_plate/data/ocr/test/real_190c6ec574ca.jpg
test,3,HP896786,HP686786,2,False,0.587,/home/calua/number_plate/data/ocr/test/real_a882d00fb136.jpg
train,1,CG16B1802,GG16B1802,1,False,0.84,/home/calua/number_plate/data/ocr/train/real_df76ba02cd07.jpg
train,1,WB06J4432,NB06J4432,1,False,0.823,/home/calua/number_plate/data/ocr/train/real_2fd8dcbf272a.jpg
train,1,MH01AU0059,MHO1AU0059,1,False,0.838,/home/calua/number_plate/data/ocr/train/real_ae8a72e7f657.jpg
train,1,PY01CE4149,PY01CE4129,1,False,0.769,/home/calua/number_plate/data/ocr/train/real_c6541e2d5a72.jpg
train,1,MH48AK2798,MHZ8AK2798,1,False,0.81,/home/calua/number_plate/data/ocr/train/real_d45c019b3c32.jpg
train,1,HR11F7575,HRR11F7575,1,False,0.659,/home/calua/number_plate/data/ocr/train/real_d9c106a2ba09.jpg
train,1,AS23X5585,AS235585,1,False,0.816,/home/calua/number_plate/data/ocr/train/real_e77be67cf91d.jpg
train,1,MH01CT9150,MHO01CT9150,1,False,0.541,/home/calua/number_plate/data/ocr/train/real_422f6d1722a0.jpg
train,1,MH02DS9365,MH02DS99365,1,False,0.793,/home/calua/number_plate/data/ocr/train/real_73f3834980c0.jpg
train,1,NL078440,FNL078440,1,False,0.731,/home/calua/number_plate/data/ocr/train/real_2d49c58e60fa.jpg
train,1,MP09BD1270,NP09BD1270,1,False,0.812,/home/calua/number_plate/data/ocr/train/real_fd467a80aa58.jpg
train,1,DN09J1548,DN09J1528,1,False,0.773,/home/calua/number_plate/data/ocr/train/real_6fe4f3edaddf.jpg
train,1,PY01CM9549,PY01CN9549,1,False,0.885,/home/calua/number_plate/data/ocr/train/real_f4a25a3834e0.jpg
train,1,KL03S6394,KL0356394,1,False,0.625,/home/calua/number_plate/data/ocr/train/real_8338e5a65b44.jpg
train,1,KL10AV6342,KL10AVV6342,1,False,0.658,/home/calua/number_plate/data/ocr/train/real_9f78d4aeb6ba.jpg
train,1,MH01AU0059,MHO1AU0059,1,False,0.839,/home/calua/number_plate/data/ocr/train/real_1d1b6958a039.jpg
train,1,CG13AE4060,CG13AEZ060,1,False,0.82,/home/calua/number_plate/data/ocr/train/real_91fcf8d2722c.jpg
train,1,AP39JJ5441,AP39JJ5Z41,1,False,0.821,/home/calua/number_plate/data/ocr/train/real_d9e62a92c324.jpg
train,1,MH03BS4060,MH03BS2060,1,False,0.844,/home/calua/number_plate/data/ocr/train/real_f1a12f51e759.jpg
train,1,PB04S4253,PB0AS4253,1,False,0.837,/home/calua/number_plate/data/ocr/train/real_9093af10cad8.jpg
train,1,RJ27TC0530,RI27TC0530,1,False,0.826,/home/calua/number_plate/data/ocr/train/real_aa5ae6490041.jpg
train,1,GJ17TC214,GJ17TCC214,1,False,0.635,/home/calua/number_plate/data/ocr/train/real_ebddc322707f.jpg
train,1,KA02MF3336,KA02NF3336,1,False,0.838,/home/calua/number_plate/data/ocr/train/real_6c8a42038bb0.jpg
train,1,JK02BL1212,JK028L1212,1,False,0.831,/home/calua/number_plate/data/ocr/train/real_8e9a0d3130fa.jpg
train,1,DL3CCQ0107,DL3CC00107,1,False,0.843,/home/calua/number_plate/data/ocr/train/real_4011ec81ea88.jpg
train,1,KA031351,赣KA031351,1,False,0.715,/home/calua/number_plate/data/ocr/train/real_7e36e3ecb8ac.jpg
train,1,ML08B1100,ML0881100,1,False,0.741,/home/calua/number_plate/data/ocr/train/real_734cbdde8b68.jpg
train,1,UP16AB3726,UP16AB3720,1,False,0.585,/home/calua/number_plate/data/ocr/train/real_11b5aa8ee1e4.jpg
train,1,KL10AW2111,KL110AW2111,1,False,0.736,/home/calua/number_plate/data/ocr/train/real_9c1f699251ad.jpg
train,1,CG08K2057,C608K2057,1,False,0.766,/home/calua/number_plate/data/ocr/train/real_a7a0e913a3d0.jpg
train,1,MH03CP1328,MH03CPI1328,1,False,0.809,/home/calua/number_plate/data/ocr/train/real_fef495f03043.jpg
train,1,KL43G6619,XL43G6619,1,False,0.559,/home/calua/number_plate/data/ocr/train/real_6547a5794a28.jpg
train,1,KL01CA2555,KLO1CA2555,1,False,0.76,/home/calua/number_plate/data/ocr/train/real_d3262ba49a7a.jpg
train,1,AS06Z0841,AS0620841,1,False,0.781,/home/calua/number_plate/data/ocr/train/real_b1994cf8f02b.jpg
train,1,HR26CT6702,HR26SCT6702,1,False,0.632,/home/calua/number_plate/data/ocr/train/real_1d8bf58d42f9.jpg
train,1,RJ27TC0530,RJ277TC0530,1,False,0.782,/home/calua/number_plate/data/ocr/train/real_a947cf30de6b.jpg
train,1,JK11B4928,JK1184928,1,False,0.826,/home/calua/number_plate/data/ocr/train/real_22b516332b72.jpg
train,1,TN66U8215,TN666U8215,1,False,0.684,/home/calua/number_plate/data/ocr/train/real_2ea7d7131d78.jpg
train,1,MH47Y1124,MH47ZY1124,1,False,0.534,/home/calua/number_plate/data/ocr/train/real_08357528a2f1.jpg
train,1,HP52B5958,HP5285958,1,False,0.828,/home/calua/number_plate/data/ocr/train/real_5825c2cf925c.jpg
train,1,WB02AD4162,WB02ADZ162,1,False,0.761,/home/calua/number_plate/data/ocr/train/real_b4a58bb16749.jpg
train,1,TN09CH7770,TNC9CH7770,1,False,0.832,/home/calua/number_plate/data/ocr/train/real_dedc2889c4a3.jpg
train,1,DL3CCQ0107,DL3CC00107,1,False,0.858,/home/calua/number_plate/data/ocr/train/real_084d95e42381.jpg
train,1,MH01AR5274,MH01AR5874,1,False,0.669,/home/calua/number_plate/data/ocr/train/real_5674e25cdfe1.jpg
train,1,MH02CB4545,MH102CB4545,1,False,0.66,/home/calua/number_plate/data/ocr/train/real_5b956135ef72.jpg
train,1,MH02MA5324,H02MA5324,1,False,0.798,/home/calua/number_plate/data/ocr/train/real_0b1cb0547e9f.jpg
train,1,MH20EE7598,MH20EE75598,1,False,0.565,/home/calua/number_plate/data/ocr/train/real_f64a379aecae.jpg
train,1,TN21AT0479,TN21AT0279,1,False,0.795,/home/calua/number_plate/data/ocr/train/real_337f1f32a3c6.jpg
train,1,ML05F9854,KL05F9854,1,False,0.855,/home/calua/number_plate/data/ocr/train/real_5a6a19416d82.jpg
train,1,MH02EP5740,MH02EP5720,1,False,0.745,/home/calua/number_plate/data/ocr/train/real_9a1281d86782.jpg
train,1,KL20K7561,KL20K77561,1,False,0.739,/home/calua/number_plate/data/ocr/train/real_6f89a4390c00.jpg
train,1,MH03BS8519,HH03BS8519,1,False,0.798,/home/calua/number_plate/data/ocr/train/real_8da3ca30cd79.jpg
train,1,MH47Y0205,MH470205,1,False,0.794,/home/calua/number_plate/data/ocr/train/real_3c85b50c80d5.jpg
train,1,MH47N4570,MH477N4570,1,False,0.713,/home/calua/number_plate/data/ocr/train/real_c9decca7205c.jpg
train,1,DL4CAM9066,DLZCAM9066,1,False,0.818,/home/calua/number_plate/data/ocr/train/real_6fb27363361a.jpg
train,1,MH03BS4060,MH03BSZ060,1,False,0.797,/home/calua/number_plate/data/ocr/train/real_c92a44c338bb.jpg
train,1,RJ27TC0530,RI27TC0530,1,False,0.778,/home/calua/number_plate/data/ocr/train/real_84164ff4fb00.jpg
train,1,MH02EP5740,MHO2EP5740,1,False,0.805,/home/calua/number_plate/data/ocr/train/real_dfd9a237a499.jpg
train,1,MH03CP1328,MH03CPI328,1,False,0.842,/home/calua/number_plate/data/ocr/train/real_b1e56afa4ddd.jpg
train,1,MH03BS4060,NH03BS4060,1,False,0.776,/home/calua/number_plate/data/ocr/train/real_650594dcded8.jpg
train,1,RJ27TC0530,RU27TC0530,1,False,0.795,/home/calua/number_plate/data/ocr/train/real_9bf4761f240a.jpg
train,1,TN19H3322,TN193322,1,False,0.565,/home/calua/number_plate/data/ocr/train/real_09232db3b00e.jpg
train,1,TN74F3339,TN7ZF3339,1,False,0.762,/home/calua/number_plate/data/ocr/train/real_75abdaf2f088.jpg
train,1,TS08FQ1262,TS08F01262,1,False,0.886,/home/calua/number_plate/data/ocr/train/real_92bcb95c9e46.jpg
train,1,PB13AF6756,SPB13AF6756,1,False,0.835,/home/calua/number_plate/data/ocr/train/real_374220ff2ad2.jpg
train,1,MH4705851,HH4705851,1,False,0.736,/home/calua/number_plate/data/ocr/train/real_d3ec29e8a025.jpg
train,1,TN99F2378,TN99F82378,1,False,0.737,/home/calua/number_plate/data/ocr/train/real_e508cb7abd28.jpg
train,1,MH47Y0205,MH477Y0205,1,False,0.779,/home/calua/number_plate/data/ocr/train/real_2756b21d5c32.jpg
train,1,MH4705851,HH4705851,1,False,0.683,/home/calua/number_plate/data/ocr/train/real_9aae660ecc11.jpg
train,1,KL16U8863,KL1608863,1,False,0.784,/home/calua/number_plate/data/ocr/train/real_813222222c44.jpg
train,1,MH20BN3525,MH2OBN3525,1,False,0.879,/home/calua/number_plate/data/ocr/train/real_d67cbe1f6af6.jpg
train,1,OD02AP3010,OD02AR3010,1,False,0.842,/home/calua/number_plate/data/ocr/train/real_66df03edbef3.jpg
train,1,MH20EE7598,MH20EEE7598,1,False,0.642,/home/calua/number_plate/data/ocr/train/real_7eb9bd564748.jpg
train,1,GJ1SCG7928,GJ15CG7928,1,False,0.693,/home/calua/number_plate/data/ocr/train/real_17ff7e2c0ec0.jpg
train,1,PY01CM5400,PY01CH5400,1,False,0.81,/home/calua/number_plate/data/ocr/train/real_8c29477b7478.jpg
train,1,MH02BJ2456,MHO02BJ2456,1,False,0.627,/home/calua/number_plate/data/ocr/train/real_5463f1fcd7d4.jpg
train,1,PB35F9333,PB35F9133,1,False,0.691,/home/calua/number_plate/data/ocr/train/real_c083ad7c1a03.jpg
train,1,BR02AF7424,BR02AF7224,1,False,0.723,/home/calua/number_plate/data/ocr/train/real_e8f70995725d.jpg
train,1,KL16J3636,KL16J33636,1,False,0.614,/home/calua/number_plate/data/ocr/train/real_b32ecd2f9d56.jpg
train,1,MH02DW8021,MH020W8021,1,False,0.777,/home/calua/number_plate/data/ocr/train/real_c184cc356ad0.jpg
train,1,MH4705851,MH2705851,1,False,0.746,/home/calua/number_plate/data/ocr/train/real_612bb55c34a1.jpg
train,1,HR11F7575,HR11F77575,1,False,0.741,/home/calua/number_plate/data/ocr/train/real_06e445404d52.jpg
train,1,MH02MA5324,H02MA5324,1,False,0.799,/home/calua/number_plate/data/ocr/train/real_49befc89ea70.jpg
train,1,MH01BM4824,MH01BH4824,1,False,0.816,/home/calua/number_plate/data/ocr/train/real_b8fd098f7f94.jpg
train,1,MH02BG9542,MH028G9542,1,False,0.664,/home/calua/number_plate/data/ocr/train/real_b0d73062250b.jpg
train,1,JK02AJ1525,BJK02AJ1525,1,False,0.818,/home/calua/number_plate/data/ocr/train/real_597e39597a23.jpg
train,1,WB20H0271,WB2OH0271,1,False,0.794,/home/calua/number_plate/data/ocr/train/real_e8e3dbfab4dd.jpg
train,1,MH47Y1124,MH447Y1124,1,False,0.661,/home/calua/number_plate/data/ocr/train/real_2e231a32339d.jpg
train,1,AP31DA0020,PAP31DA0020,1,False,0.865,/home/calua/number_plate/data/ocr/train/real_7c9db0ad1804.jpg
train,1,ML068346,HL068346,1,False,0.787,/home/calua/number_plate/data/ocr/train/real_56491b7fb1fd.jpg
train,1,CG07MA2529,CG07NA2529,1,False,0.835,/home/calua/number_plate/data/ocr/train/real_ad72d17f0757.jpg
train,1,MH05EQ4066,MH05EQ2066,1,False,0.799,/home/calua/number_plate/data/ocr/train/real_bb3e43e2d94a.jpg
train,1,AN01M4M,ANO1M4M,1,False,0.739,/home/calua/number_plate/data/ocr/train/real_6a91591ff49a.jpg
train,1,MH47Y1124,MHH47Y1124,1,False,0.647,/home/calua/number_plate/data/ocr/train/real_1c5c65d1d4b9.jpg
train,1,MH12KJ7659,MHI2KJ7659,1,False,0.832,/home/calua/number_plate/data/ocr/train/real_3002efffa8d8.jpg
train,1,MH20BN3525,MH2OBN3525,1,False,0.893,/home/calua/number_plate/data/ocr/train/real_4daa440cb023.jpg
train,1,MH47Y1124,MH471124,1,False,0.588,/home/calua/number_plate/data/ocr/train/real_616b0bd96fce.jpg
train,1,MH03BS4060,MH03BSZ060,1,False,0.783,/home/calua/number_plate/data/ocr/train/real_b03d55301914.jpg
train,1,MH20EE7597,MH220EE7597,1,False,0.732,/home/calua/number_plate/data/ocr/train/real_cc71e4a024d9.jpg
train,1,TN07BU5427,TN07BU542,1,False,0.843,/home/calua/number_plate/data/ocr/train/real_f5da79409009.jpg
train,1,MH4705851,HH4705851,1,False,0.787,/home/calua/number_plate/data/ocr/train/real_24032025fbbe.jpg
train,1,AP31AT5064,AP31ATS064,1,False,0.826,/home/calua/number_plate/data/ocr/train/real_1c9a9a5cf698.jpg
train,1,KL16J3636,KL163636,1,False,0.65,/home/calua/number_plate/data/ocr/train/real_b84c45a26fd5.jpg
train,1,AP04M7627,AR04M7627,1,False,0.849,/home/calua/number_plate/data/ocr/train/real_f44a24ff4271.jpg
train,1,MH02DS9365,H02DS9365,1,False,0.864,/home/calua/number_plate/data/ocr/train/real_2ce599442119.jpg
train,1,UP14AX9754,UP14AX9764,1,False,0.832,/home/calua/number_plate/data/ocr/train/real_d46167bab559.jpg
train,1,MN06LA0861,MM06LA0861,1,False,0.686,/home/calua/number_plate/data/ocr/train/real_303efeaa1b28.jpg
train,1,AP39TP0211,AP39TPD211,1,False,0.838,/home/calua/number_plate/data/ocr/train/real_2eb3d30cae2f.jpg
train,1,MH02DW8021,MH020W8021,1,False,0.709,/home/calua/number_plate/data/ocr/train/real_13d5646ef890.jpg
train,1,MH02MA5324,MH02MA5322,1,False,0.834,/home/calua/number_plate/data/ocr/train/real_17e40ec67e85.jpg
train,1,DL3CCQ0107,DL3CC00107,1,False,0.873,/home/calua/number_plate/data/ocr/train/real_d5ef988cf0d5.jpg
train,1,KL7BZ99,KLBZ99,1,False,0.516,/home/calua/number_plate/data/ocr/train/real_5b0bd6b4038c.jpg
train,1,OD14B7432,OD147432,1,False,0.577,/home/calua/number_plate/data/ocr/train/real_ecc3c9db80b5.jpg
train,1,PB08CX2959,PB083CX2959,1,False,0.783,/home/calua/number_plate/data/ocr/train/real_dd54bc19d4d9.jpg
train,1,KL43B2344,KL432344,1,False,0.607,/home/calua/number_plate/data/ocr/train/real_682199f6643b.jpg
train,1,MH01JA8939,MHO1JA8939,1,False,0.741,/home/calua/number_plate/data/ocr/train/real_8c9ff2d26b4e.jpg
train,1,GA02J2129,GAO2J2129,1,False,0.693,/home/calua/number_plate/data/ocr/train/real_f4f5f383b1a5.jpg
train,1,KL43B2344,KL432344,1,False,0.53,/home/calua/number_plate/data/ocr/train/real_f8cfb90fe388.jpg
train,1,WB36G6682,WB36C6682,1,False,0.864,/home/calua/number_plate/data/ocr/train/real_2b5f7271ded5.jpg
train,1,HR26CH3604,HR26CH33604,1,False,0.595,/home/calua/number_plate/data/ocr/train/real_fecf45224de3.jpg
train,1,MH01AU0059,MHO1AU0059,1,False,0.842,/home/calua/number_plate/data/ocr/train/real_79587fa0338e.jpg
train,1,MH47Y0205,MH470205,1,False,0.658,/home/calua/number_plate/data/ocr/train/real_d7f5bde2a690.jpg
train,1,DL9CAU4743,DL9CAU2743,1,False,0.821,/home/calua/number_plate/data/ocr/train/real_f9ad869f4b42.jpg
train,1,MH02EE6842,HH02EE6842,1,False,0.795,/home/calua/number_plate/data/ocr/train/real_56443a27a500.jpg
train,1,WB02M8447,VB02M8447,1,False,0.794,/home/calua/number_plate/data/ocr/train/real_1b191e4332cd.jpg
train,1,AR152019,BAR152019,1,False,0.695,/home/calua/number_plate/data/ocr/train/real_b72c523a65af.jpg
train,1,PB08DT7342,WPB08DT7342,1,False,0.841,/home/calua/number_plate/data/ocr/train/real_bd8e91d9b6c0.jpg
train,1,MH47Y1124,MH47Y11124,1,False,0.752,/home/calua/number_plate/data/ocr/train/real_4130bde0a630.jpg
train,1,MH20EE045,MH220EE045,1,False,0.63,/home/calua/number_plate/data/ocr/train/real_e9bbb2ca16a3.jpg
train,1,CG07BR3255,CG078R3255,1,False,0.867,/home/calua/number_plate/data/ocr/train/real_cc5993fb3a31.jpg
train,1,MH47Y1124,MH471124,1,False,0.722,/home/calua/number_plate/data/ocr/train/real_e18a4649aaf9.jpg
train,1,JK02AG2454,JKO2AG2454,1,False,0.757,/home/calua/number_plate/data/ocr/train/real_bab141d9fe8e.jpg
train,1,ML04C4738,ML04C4736,1,False,0.826,/home/calua/number_plate/data/ocr/train/real_e4f25b1dd403.jpg
train,1,MH47Y1124,MH471124,1,False,0.54,/home/calua/number_plate/data/ocr/train/real_5202fb188269.jpg
train,1,MH01AV7461,MH01AV746,1,False,0.891,/home/calua/number_plate/data/ocr/train/real_dd21d53700ba.jpg
train,1,KA28M3589,KA28M3509,1,False,0.772,/home/calua/number_plate/data/ocr/train/real_2897186657f1.jpg
train,1,MH47Y1124,MH47Y11124,1,False,0.704,/home/calua/number_plate/data/ocr/train/real_fffda3e7de4e.jpg
train,1,ML0563550,HL0563550,1,False,0.765,/home/calua/number_plate/data/ocr/train/real_ac51c8c9d59c.jpg
train,1,HR26DA5443,HR26DA543,1,False,0.704,/home/calua/number_plate/data/ocr/train/real_b6e6e2023e99.jpg
train,1,MH02CD7733,NH02CD7733,1,False,0.852,/home/calua/number_plate/data/ocr/train/real_6ab2c82aa116.jpg
train,1,DN0901438,DN09D1438,1,False,0.819,/home/calua/number_plate/data/ocr/train/real_6f5e4b345b5e.jpg
train,1,PB08DY4824,P808DY4824,1,False,0.709,/home/calua/number_plate/data/ocr/train/real_d88c295f0d61.jpg
train,1,MH47Y1124,MH47Y11124,1,False,0.704,/home/calua/number_plate/data/ocr/train/real_091e9d178abf.jpg
train,1,KL07BU7707,KL07B7707,1,False,0.828,/home/calua/number_plate/data/ocr/train/real_ebe4754621a0.jpg
train,1,AP39HZ0087,AP39NZ0087,1,False,0.86,/home/calua/number_plate/data/ocr/train/real_191ee69b180d.jpg
train,1,JK02BN3088,JK028N3088,1,False,0.789,/home/calua/number_plate/data/ocr/train/real_989d43d67040.jpg
train,1,MH02CD7733,NH02CD7733,1,False,0.842,/home/calua/number_plate/data/ocr/train/real_e29f16ff8a9b.jpg
train,1,MH01BT0050,M01BT0050,1,False,0.797,/home/calua/number_plate/data/ocr/train/real_351eea23ad8c.jpg
train,1,MH47N4570,MH477N4570,1,False,0.697,/home/calua/number_plate/data/ocr/train/real_3ffd707058b7.jpg
train,1,MH03BS7778,MHD3BS7778,1,False,0.84,/home/calua/number_plate/data/ocr/train/real_ba14ee5956c5.jpg
train,1,MH02DQ0196,MH02DQQ0196,1,False,0.756,/home/calua/number_plate/data/ocr/train/real_01da46684fd3.jpg
train,1,MH01AV7461,MH01AV7467,1,False,0.868,/home/calua/number_plate/data/ocr/train/real_a3352996df0d.jpg
train,1,MH01BG7161,MH01BG716,1,False,0.654,/home/calua/number_plate/data/ocr/train/real_0d018910d948.jpg
train,1,MH02EE6842,HH02EE6842,1,False,0.843,/home/calua/number_plate/data/ocr/train/real_a4d19f5250a4.jpg
train,1,HR26DA0471,HR266DA0471,1,False,0.664,/home/calua/number_plate/data/ocr/train/real_492707f796a8.jpg
train,1,MH20BN3525,MH2OBN3525,1,False,0.856,/home/calua/number_plate/data/ocr/train/real_9ce3cf7944cc.jpg
train,1,MH47Y1124,MH471124,1,False,0.63,/home/calua/number_plate/data/ocr/train/real_61213d9d3772.jpg
train,1,MH06AB8620,MH06AB8629,1,False,0.672,/home/calua/number_plate/data/ocr/train/real_89a7925aa410.jpg
train,1,MH02EE8407,MH02EE8207,1,False,0.795,/home/calua/number_plate/data/ocr/train/real_8ba52d125376.jpg
train,1,JH02AH0750,SH02AH0750,1,False,0.696,/home/calua/number_plate/data/ocr/train/real_7382bdccff68.jpg
train,1,MH02BQ9628,NH02BQ9628,1,False,0.805,/home/calua/number_plate/data/ocr/train/real_543bd2882f44.jpg
train,1,KL07BF5000,L07BF5000,1,False,0.853,/home/calua/number_plate/data/ocr/train/real_0ec48e4d0fbb.jpg
train,1,MH47Y1124,MH471124,1,False,0.797,/home/calua/number_plate/data/ocr/train/real_9789ef68f3cc.jpg
train,1,MH12MF6822,MH12MR6822,1,False,0.627,/home/calua/number_plate/data/ocr/train/real_60317f4115de.jpg
train,1,HR696969,HR6996969,1,False,0.634,/home/calua/number_plate/data/ocr/train/real_376e8e316b28.jpg
train,1,MH03CP1328,MH03CPI328,1,False,0.821,/home/calua/number_plate/data/ocr/train/real_9bf369648479.jpg
train,1,MH20DV2362,MH220DV2362,1,False,0.641,/home/calua/number_plate/data/ocr/train/real_1dd11037ea25.jpg
train,1,TN21AU1153,TH21AU1153,1,False,0.714,/home/calua/number_plate/data/ocr/train/real_e5776666485a.jpg
train,1,MH02EE8407,MH02EE8207,1,False,0.852,/home/calua/number_plate/data/ocr/train/real_8f5da36ffd5f.jpg
train,1,MH43BK9513,MH43BK9S13,1,False,0.638,/home/calua/number_plate/data/ocr/train/real_89b1e46ace7b.jpg
train,1,MH47Y0205,MH47YC0205,1,False,0.738,/home/calua/number_plate/data/ocr/train/real_98cf7fff5b12.jpg
train,1,PY01Q7947,PY0107947,1,False,0.838,/home/calua/number_plate/data/ocr/train/real_7411be55f1bf.jpg
train,1,TN21AT0479,TN21AT0279,1,False,0.741,/home/calua/number_plate/data/ocr/train/real_4ff04a367935.jpg
train,1,MH04JM8262,MH04JN8262,1,False,0.701,/home/calua/number_plate/data/ocr/train/real_d0f1407df7ab.jpg
train,1,GJ05JH2501,GJ05JH250,1,False,0.838,/home/calua/number_plate/data/ocr/train/real_f2887f08e713.jpg
train,1,MH47Y1124,MH47Y11124,1,False,0.711,/home/calua/number_plate/data/ocr/train/real_da0b218b80ee.jpg
train,1,RJ14CM3730,RJ14CK3730,1,False,0.808,/home/calua/number_plate/data/ocr/train/real_9dbc7e61aa6a.jpg
train,1,MH02DW8021,HH02DW8021,1,False,0.783,/home/calua/number_plate/data/ocr/train/real_5c42da980608.jpg
train,1,MH02DS9365,MH02DS99365,1,False,0.794,/home/calua/number_plate/data/ocr/train/real_17b2d29e1389.jpg
train,1,UP50AS4535,UPS50AS4535,1,False,0.665,/home/calua/number_plate/data/ocr/train/real_78dfac8a0123.jpg
train,1,MH01AU0059,MHO1AU0059,1,False,0.63,/home/calua/number_plate/data/ocr/train/real_758b9bf629ab.jpg
train,1,ML05J3288,HL05J3288,1,False,0.77,/home/calua/number_plate/data/ocr/train/real_68a7ca60d75c.jpg
train,1,ML05L5154,NL05L5154,1,False,0.823,/home/calua/number_plate/data/ocr/train/real_c430096d7357.jpg
train,1,TN59AQ1515,TN59AQ15115,1,False,0.57,/home/calua/number_plate/data/ocr/train/real_dd340ae1defb.jpg
train,1,PB04T0678,P804T0678,1,False,0.817,/home/calua/number_plate/data/ocr/train/real_2adbb9350cbb.jpg
train,1,MH47Y1124,MH471124,1,False,0.589,/home/calua/number_plate/data/ocr/train/real_979ba8f6fa97.jpg
train,1,MN01G5395,MN0165395,1,False,0.849,/home/calua/number_plate/data/ocr/train/real_53c3a4ef9d74.jpg
train,1,DL3CCQ0107,DL3CC00107,1,False,0.897,/home/calua/number_plate/data/ocr/train/real_0efef4159e0c.jpg
train,1,HR4281329,HR281329,1,False,0.788,/home/calua/number_plate/data/ocr/train/real_96e233f39727.jpg
train,1,MH20TC640B,MH20TC643B,1,False,0.905,/home/calua/number_plate/data/ocr/train/real_7effa9ce8061.jpg
train,1,CH01AF1382,皖CH01AF1382,1,False,0.767,/home/calua/number_plate/data/ocr/train/real_6b2f21d4f6f0.jpg
train,1,MH01AV8814,H01AV8814,1,False,0.573,/home/calua/number_plate/data/ocr/train/real_dc7d46b6e7d3.jpg
train,1,GJ06DG9355,GJ060G9355,1,False,0.818,/home/calua/number_plate/data/ocr/train/real_9991e36638a8.jpg
train,1,MH47Y1124,MH47Y11124,1,False,0.684,/home/calua/number_plate/data/ocr/train/real_d3a2b0a839ab.jpg
train,1,MH47Y1124,MH471124,1,False,0.789,/home/calua/number_plate/data/ocr/train/real_5c0e5db91bbc.jpg
train,1,GJ01HS1902,G301HS1902,1,False,0.734,/home/calua/number_plate/data/ocr/train/real_b56dc7e3b17c.jpg
train,1,ML04B8389,ML0488389,1,False,0.777,/home/calua/number_plate/data/ocr/train/real_ecb94a9eb34c.jpg
train,1,AS04P4549,ASD4P4549,1,False,0.736,/home/calua/number_plate/data/ocr/train/real_0b0d4fffd31f.jpg
train,1,TN59AQ1515,TN59AQ15115,1,False,0.511,/home/calua/number_plate/data/ocr/train/real_a059e336d6b9.jpg
train,1,KL05AK3300,KLO05AK3300,1,False,0.635,/home/calua/number_plate/data/ocr/train/real_4bfae62ecf66.jpg
train,1,MH47AU1306,KH47AU1306,1,False,0.795,/home/calua/number_plate/data/ocr/train/real_3483173fec1e.jpg
train,1,MH43BP8173,MHZ3BP8173,1,False,0.719,/home/calua/number_plate/data/ocr/train/real_89006653922d.jpg
train,1,KA06C9590,KA06C990,1,False,0.551,/home/calua/number_plate/data/ocr/train/real_5239683bc661.jpg
train,1,HP54C6564,HP54C6562,1,False,0.826,/home/calua/number_plate/data/ocr/train/real_b47362dc9807.jpg
train,1,ML064696,EML064696,1,False,0.797,/home/calua/number_plate/data/ocr/train/real_a481abec2753.jpg
train,1,WB02AA5580,W802AA5580,1,False,0.709,/home/calua/number_plate/data/ocr/train/real_02016ac4247d.jpg
train,1,MH03BS4060,MH03BSZ060,1,False,0.837,/home/calua/number_plate/data/ocr/train/real_4610f4d9df11.jpg
train,1,CG07MA7848,CG07MA7828,1,False,0.777,/home/calua/number_plate/data/ocr/train/real_1b04a15bbcdb.jpg
train,1,MH03CS6266,MH030S6266,1,False,0.8,/home/calua/number_plate/data/ocr/train/real_167173132e32.jpg
train,1,JK02AK8967,JK02AK89671,1,False,0.782,/home/calua/number_plate/data/ocr/train/real_5c87cc6d287d.jpg
train,1,MH02EE8407,MH02EE8207,1,False,0.84,/home/calua/number_plate/data/ocr/train/real_a7b86933c7eb.jpg
train,1,DL4CAQ3231,DL4CA03231,1,False,0.869,/home/calua/number_plate/data/ocr/train/real_a30987864da3.jpg
train,1,MH03CP1328,MH03CPI328,1,False,0.798,/home/calua/number_plate/data/ocr/train/real_975f8294e3fa.jpg
train,1,OD05Y5787,ODO5Y5787,1,False,0.726,/home/calua/number_plate/data/ocr/train/real_9e28325bb3a4.jpg
train,1,MH49AS5099,MH9AS5099,1,False,0.892,/home/calua/number_plate/data/ocr/train/real_7083643fe256.jpg
train,1,MH01JA8939,MH01JAS939,1,False,0.833,/home/calua/number_plate/data/ocr/train/real_3ae4c882a68d.jpg
train,1,HP48B2252,HP48B8252,1,False,0.595,/home/calua/number_plate/data/ocr/train/real_8bdac9bcfbf2.jpg
train,1,AN01L6155,ANO1L6155,1,False,0.849,/home/calua/number_plate/data/ocr/train/real_c347ef81fa31.jpg
train,1,KL01CA2555,KLC1CA2555,1,False,0.77,/home/calua/number_plate/data/ocr/train/real_4de098802ea5.jpg
val,1,HP12H1324,CHP12H1324,1,False,0.791,/home/calua/number_plate/data/ocr/val/real_d691b110966f.jpg
val,1,OD052323,O0052323,1,False,0.744,/home/calua/number_plate/data/ocr/val/real_7db6bfc453cb.jpg
val,1,TN47T4464,ZN47T4464,1,False,0.784,/home/calua/number_plate/data/ocr/val/real_2c72c68f90bb.jpg
val,1,JK10A5217,JK10A5212,1,False,0.764,/home/calua/number_plate/data/ocr/val/real_8cf0694cbfbe.jpg
val,1,HR26BP3543,HR26SBP3543,1,False,0.724,/home/calua/number_plate/data/ocr/val/real_dcf9a44703e8.jpg
val,1,ML08C8061,HL08C8061,1,False,0.792,/home/calua/number_plate/data/ocr/val/real_8cbcfdbc456b.jpg
val,1,AS01AR1986,FAS01AR1986,1,False,0.866,/home/calua/number_plate/data/ocr/val/real_905d7bd719bd.jpg
val,1,KL27D9809,KL2709809,1,False,0.785,/home/calua/number_plate/data/ocr/val/real_2508a95078b0.jpg
val,1,UP14AF3804,UP14AP3804,1,False,0.86,/home/calua/number_plate/data/ocr/val/real_288627ecdad0.jpg
val,1,MH01BY7658,MHO1BY7658,1,False,0.807,/home/calua/number_plate/data/ocr/val/real_3ab8dedcf4db.jpg
val,1,AP05DY3395,PAP05DY3395,1,False,0.839,/home/calua/number_plate/data/ocr/val/real_729daaaa6df5.jpg
val,1,JK03D7750,K03D7750,1,False,0.755,/home/calua/number_plate/data/ocr/val/real_d9b635db9c96.jpg
val,1,TN21AU7234,TH21AU7234,1,False,0.83,/home/calua/number_plate/data/ocr/val/real_7cf1301cb9aa.jpg
val,1,ML05D0571,ML0500571,1,False,0.819,/home/calua/number_plate/data/ocr/val/real_3a7f2e6601d3.jpg
val,1,KL10AW2814,KL10AW22814,1,False,0.633,/home/calua/number_plate/data/ocr/val/real_12fa7a8a1eba.jpg
val,1,DL8CN6308,DLL8CN6308,1,False,0.653,/home/calua/number_plate/data/ocr/val/real_ec7e89cdcf77.jpg
val,1,HR26BP3543,HR26SBP3543,1,False,0.7,/home/calua/number_plate/data/ocr/val/real_60148cc7c74a.jpg
val,1,GJ06DQ3712,GJ06D03712,1,False,0.863,/home/calua/number_plate/data/ocr/val/real_5b92b23dc163.jpg
val,1,MH01DT1917,MHO1DT1917,1,False,0.854,/home/calua/number_plate/data/ocr/val/real_aa08ac1c1678.jpg
val,1,MH43BU2401,MH43BU2201,1,False,0.821,/home/calua/number_plate/data/ocr/val/real_85d77f81922f.jpg
val,1,HR26BP3543,HR26SBP3543,1,False,0.78,/home/calua/number_plate/data/ocr/val/real_6a8dd553f4bc.jpg
val,1,AP39E1493,AP39E1293,1,False,0.848,/home/calua/number_plate/data/ocr/val/real_bebfd517e274.jpg
val,1,TN02AU9295,TNG2AU9295,1,False,0.874,/home/calua/number_plate/data/ocr/val/real_1c7a648e99a2.jpg
val,1,ML10B9308,HL10B9308,1,False,0.796,/home/calua/number_plate/data/ocr/val/real_ba5dd2d28fcd.jpg
val,1,MH02EU4077,MH02EO4077,1,False,0.804,/home/calua/number_plate/data/ocr/val/real_1fbba5c24aff.jpg
val,1,PB11AG0774,P811AG0774,1,False,0.631,/home/calua/number_plate/data/ocr/val/real_48f7584163bf.jpg
val,1,MH01DE2780,MH01DE27B0,1,False,0.755,/home/calua/number_plate/data/ocr/val/real_337963d980dd.jpg
val,1,NL07CA7631,WL07CA7631,1,False,0.837,/home/calua/number_plate/data/ocr/val/real_f97bc5d8c57f.jpg
val,1,MP09CP9052,MP09CPS9052,1,False,0.797,/home/calua/number_plate/data/ocr/val/real_f6ea1d662bb9.jpg
val,1,DL4CNA7231,DLZCNA7231,1,False,0.83,/home/calua/number_plate/data/ocr/val/real_523664f410b6.jpg
val,1,MH01BY7658,MHO1BY7658,1,False,0.883,/home/calua/number_plate/data/ocr/val/real_b767094ad96a.jpg
val,1,MH12DE1433,MH122DE1433,1,False,0.649,/home/calua/number_plate/data/ocr/val/real_09632dcb6fe2.jpg
val,1,CG251612,C0251612,1,False,0.671,/home/calua/number_plate/data/ocr/val/real_f02b0303c780.jpg
val,1,DN0909704,DN0909702,1,False,0.859,/home/calua/number_plate/data/ocr/val/real_6f5528fbbbb5.jpg
val,1,DL8CN6308,DLBCN6308,1,False,0.826,/home/calua/number_plate/data/ocr/val/real_dd751d34d744.jpg
val,1,TR01N0481,TRD1N0481,1,False,0.8,/home/calua/number_plate/data/ocr/val/real_58d6cae4049c.jpg
val,1,MH20TC189B,MR20TC189B,1,False,0.77,/home/calua/number_plate/data/ocr/val/real_27e7e8099bd1.jpg
val,1,TN21AT0480,TN221AT0480,1,False,0.63,/home/calua/number_plate/data/ocr/val/real_af9ed31422f0.jpg
val,1,MH03DK2961,HH03DK2961,1,False,0.788,/home/calua/number_plate/data/ocr/val/real_9ed582976758.jpg
val,1,MP09CK4943,MR09CK4943,1,False,0.892,/home/calua/number_plate/data/ocr/val/real_8b936843213a.jpg
val,1,MH01DE2780,MH01DE27B0,1,False,0.83,/home/calua/number_plate/data/ocr/val/real_75f1f31755f1.jpg
val,1,TN21AU7234,TH21AU7234,1,False,0.827,/home/calua/number_plate/data/ocr/val/real_4e79e16c53b5.jpg
test,1,HR26DJ8832,HR260J8832,1,False,0.856,/home/calua/number_plate/data/ocr/test/real_a4065588d90d.jpg
test,1,MH02BT6482,MH02BT66482,1,False,0.796,/home/calua/number_plate/data/ocr/test/real_3bc0d3609674.jpg
test,1,JH01AR2011,JHC01AR2011,1,False,0.821,/home/calua/number_plate/data/ocr/test/real_e88eea830956.jpg
test,1,OR08F1001,ORO8F1001,1,False,0.718,/home/calua/number_plate/data/ocr/test/real_b2d38f939853.jpg
test,1,MH03DA4505,HH03DA4505,1,False,0.793,/home/calua/number_plate/data/ocr/test/real_459eecbc1104.jpg
test,1,MH02BT6482,MH02BI6482,1,False,0.747,/home/calua/number_plate/data/ocr/test/real_e5b2bd791ddc.jpg
test,1,MH14TCF460,MHH14TCF460,1,False,0.65,/home/calua/number_plate/data/ocr/test/real_662204d534d8.jpg
test,1,UP14AK8604,UP1ZAK8604,1,False,0.794,/home/calua/number_plate/data/ocr/test/real_b00aed27fb0c.jpg
test,1,PB30L5010,P830L5010,1,False,0.818,/home/calua/number_plate/data/ocr/test/real_cbf126ee64f6.jpg
test,1,MH02BT6482,MH02B6482,1,False,0.627,/home/calua/number_plate/data/ocr/test/real_e031e199517b.jpg
test,1,KA53P7604,KA53P76G4,1,False,0.855,/home/calua/number_plate/data/ocr/test/real_658d52ef898b.jpg
test,1,UP45Q3028,UP4503028,1,False,0.823,/home/calua/number_plate/data/ocr/test/real_8461b74be9ce.jpg
test,1,KL454455,KL254455,1,False,0.52,/home/calua/number_plate/data/ocr/test/real_ccffc6823c2b.jpg
test,1,MH02ER9194,H02ER9194,1,False,0.847,/home/calua/number_plate/data/ocr/test/real_7a3448ac33f1.jpg
test,1,WB06J2192,B06J2192,1,False,0.775,/home/calua/number_plate/data/ocr/test/real_fd4c3682667c.jpg
test,1,MH14DX9938,MH140X9938,1,False,0.807,/home/calua/number_plate/data/ocr/test/real_a26f57415717.jpg
test,1,HD02NP0,HD02NPO,1,False,0.766,/home/calua/number_plate/data/ocr/test/real_6102a837fd84.jpg
test,1,NL07T0937,NL0710937,1,False,0.597,/home/calua/number_plate/data/ocr/test/real_13e664b40ee9.jpg
test,1,MH11CQ8516,MH11C08516,1,False,0.825,/home/calua/number_plate/data/ocr/test/real_432b8be862ef.jpg
test,1,TR03F0375,T803F0375,1,False,0.754,/home/calua/number_plate/data/ocr/test/real_cea39a6f3b67.jpg
test,1,LA020749,A020749,1,False,0.853,/home/calua/number_plate/data/ocr/test/real_c16d8bd70a22.jpg
test,1,MH43AF5037,MHZ3AF5037,1,False,0.81,/home/calua/number_plate/data/ocr/test/real_7aff47b3b25d.jpg
test,1,HR29K7840,HR29K78Z0,1,False,0.851,/home/calua/number_plate/data/ocr/test/real_9ee22aa6e2ba.jpg
test,1,MH20CS9817,MH20CS99817,1,False,0.793,/home/calua/number_plate/data/ocr/test/real_1f9649e16e07.jpg
test,1,MH01CY6333,WH01CY6333,1,False,0.724,/home/calua/number_plate/data/ocr/test/real_396c1e6b83b7.jpg
test,1,TN38BW1139,TN388BW1139,1,False,0.724,/home/calua/number_plate/data/ocr/test/real_17eef80610ca.jpg
test,1,JK10B2313,FJK10B2313,1,False,0.756,/home/calua/number_plate/data/ocr/test/real_8d69b2c8c6a6.jpg
test,1,NL02C3947,N02C3947,1,False,0.677,/home/calua/number_plate/data/ocr/test/real_a58eb5c1cd92.jpg
test,1,TS07HM2684,T507HM2684,1,False,0.746,/home/calua/number_plate/data/ocr/test/real_5df84e4f51a7.jpg
test,1,MH02BT6482,MH02BI6482,1,False,0.5,/home/calua/number_plate/data/ocr/test/real_d555fbb2e3cd.jpg
test,1,MH02BT6482,MH02BBT6482,1,False,0.65,/home/calua/number_plate/data/ocr/test/real_d79c3e3d02c9.jpg
test,1,UP78ED0449,UP78ED04491,1,False,0.67,/home/calua/number_plate/data/ocr/test/real_6bfd1b168d6f.jpg
test,1,MH01DB1477,MH01DB1277,1,False,0.787,/home/calua/number_plate/data/ocr/test/real_5ce344287762.jpg
test,1,MH02AQ2299,MH102AQ2299,1,False,0.621,/home/calua/number_plate/data/ocr/test/real_ef7b195a0200.jpg
test,1,AN01H0908,ANO1H0908,1,False,0.761,/home/calua/number_plate/data/ocr/test/real_565c5b83103b.jpg
test,1,MH02ER9194,WH02ER9194,1,False,0.819,/home/calua/number_plate/data/ocr/test/real_87db0d22bccf.jpg
test,1,MH43AF5037,MHZ3AF5037,1,False,0.838,/home/calua/number_plate/data/ocr/test/real_b60f1fd5a5aa.jpg
test,1,TN02BL9,TN02BL,1,False,0.705,/home/calua/number_plate/data/ocr/test/real_9c4c77cfd57a.jpg
test,1,KL65H4383,KLE65H4383,1,False,0.635,/home/calua/number_plate/data/ocr/test/real_0ef30ce33745.jpg
test,1,MH02ER9194,NH02ER9194,1,False,0.764,/home/calua/number_plate/data/ocr/test/real_48a869fa930a.jpg
test,1,MH02DN7410,MH02DNZ410,1,False,0.748,/home/calua/number_plate/data/ocr/test/real_1b7157c7761a.jpg
test,1,KL12G7531,KL1237531,1,False,0.65,/home/calua/number_plate/data/ocr/test/real_b8f5aa8a46e2.jpg
test,1,MH02BT6482,MH022BT6482,1,False,0.542,/home/calua/number_plate/data/ocr/test/real_819b4e95a239.jpg
test,1,MH43AF5037,MHZ3AF5037,1,False,0.816,/home/calua/number_plate/data/ocr/test/real_b6d428f84a3b.jpg
test,1,MH43AF5037,MHZ3AF5037,1,False,0.798,/home/calua/number_plate/data/ocr/test/real_09d74fffdbcb.jpg
test,1,MH01DB1477,MHO1DB1477,1,False,0.848,/home/calua/number_plate/data/ocr/test/real_ad4a5cd9c576.jpg
test,1,UP16BD4866,UP16B04866,1,False,0.799,/home/calua/number_plate/data/ocr/test/real_d25d07aa47af.jpg
test,1,JH01BX0013,JH018X0013,1,False,0.864,/home/calua/number_plate/data/ocr/test/real_94a87dec8e72.jpg
train,2,MH02EN6828,MH02EN68Z8,1,False,0.675,/home/calua/number_plate/data/ocr/train/real_e7e4aa57bf30.jpg
train,2,MH04JL5547,MH04JL55547,1,False,0.692,/home/calua/number_plate/data/ocr/train/real_9454beaa83af.jpg
test,2,TN42R2697,TN42R2692,1,False,0.654,/home/calua/number_plate/data/ocr/test/real_7e0ff4e8d219.jpg
test,2,MH12SF3212,MH12SF33212,1,False,0.658,/home/calua/number_plate/data/ocr/test/real_2ff6257e6f54.jpg
train,1,MH03CS6266,MH03CS6266,0,True,0.912,/home/calua/number_plate/data/ocr/train/real_69d61be3b96e.jpg
train,1,OR14U8730,OR14U8730,0,True,0.871,/home/calua/number_plate/data/ocr/train/real_f12315629766.jpg
train,1,DN09H0968,DN09H0968,0,True,0.869,/home/calua/number_plate/data/ocr/train/real_6543fbd93034.jpg
train,1,MH01AV7461,MH01AV7461,0,True,0.81,/home/calua/number_plate/data/ocr/train/real_fee3efb62f38.jpg
train,1,TN21AT0492,TN21AT0492,0,True,0.845,/home/calua/number_plate/data/ocr/train/real_18c754270382.jpg
train,1,MH02EK5817,MH02EK5817,0,True,0.856,/home/calua/number_plate/data/ocr/train/real_2bc71352fb7a.jpg
train,1,PY036993,PY036993,0,True,0.781,/home/calua/number_plate/data/ocr/train/real_9b8bc0fbd3b4.jpg
train,1,KA03NC7167,KA03NC7167,0,True,0.853,/home/calua/number_plate/data/ocr/train/real_30f1b2a402cd.jpg
train,1,GJ23CC8798,GJ23CC8798,0,True,0.885,/home/calua/number_plate/data/ocr/train/real_a671652778cc.jpg
train,1,UP57H8173,UP57H8173,0,True,0.836,/home/calua/number_plate/data/ocr/train/real_db349d1fbbed.jpg
train,1,MH12FU1014,MH12FU1014,0,True,0.864,/home/calua/number_plate/data/ocr/train/real_0ac27c12939d.jpg
train,1,KA01MG1660,KA01MG1660,0,True,0.822,/home/calua/number_plate/data/ocr/train/real_ea73a6beb68b.jpg
train,1,ML111909,ML111909,0,True,0.868,/home/calua/number_plate/data/ocr/train/real_f24dc8fa72b1.jpg
train,1,MH01BG7161,MH01BG7161,0,True,0.858,/home/calua/number_plate/data/ocr/train/real_604f6bff52c7.jpg
train,1,MH02DN8718,MH02DN8718,0,True,0.898,/home/calua/number_plate/data/ocr/train/real_cf1866452181.jpg
train,1,MH03CS6266,MH03CS6266,0,True,0.889,/home/calua/number_plate/data/ocr/train/real_23d6d57df497.jpg
train,1,MH01AU0059,MH01AU0059,0,True,0.835,/home/calua/number_plate/data/ocr/train/real_66d6e966e81f.jpg
train,1,UK06J3953,UK06J3953,0,True,0.796,/home/calua/number_plate/data/ocr/train/real_a205c7016098.jpg
train,1,KL20K7561,KL20K7561,0,True,0.697,/home/calua/number_plate/data/ocr/train/real_482af706cba6.jpg
train,1,UP16CT2233,UP16CT2233,0,True,0.659,/home/calua/number_plate/data/ocr/train/real_39033103c903.jpg
train,1,UP27Z7322,UP27Z7322,0,True,0.862,/home/calua/number_plate/data/ocr/train/real_7bc78c6ef215.jpg
train,1,MH02DS9365,MH02DS9365,0,True,0.858,/home/calua/number_plate/data/ocr/train/real_62b75381d587.jpg
train,1,JK01AD3147,JK01AD3147,0,True,0.827,/home/calua/number_plate/data/ocr/train/real_8b1a3616bc44.jpg
train,1,PB10EH0164,PB10EH0164,0,True,0.873,/home/calua/number_plate/data/ocr/train/real_9ddf6068107f.jpg
train,1,MH01AV7461,MH01AV7461,0,True,0.87,/home/calua/number_plate/data/ocr/train/real_ead21d48974d.jpg
train,1,AP31BR9501,AP31BR9501,0,True,0.848,/home/calua/number_plate/data/ocr/train/real_b3f249478f58.jpg
train,1,UK106679,UK106679,0,True,0.845,/home/calua/number_plate/data/ocr/train/real_6eb099aa1e1b.jpg
train,1,JK02CD0461,JK02CD0461,0,True,0.865,/home/calua/number_plate/data/ocr/train/real_55b1c25a001a.jpg
train,1,MH05DS8679,MH05DS8679,0,True,0.849,/home/calua/number_plate/data/ocr/train/real_10270cf2ef9b.jpg
train,1,MH02CD3654,MH02CD3654,0,True,0.844,/home/calua/number_plate/data/ocr/train/real_80a8cde2297f.jpg
train,1,HR26CT6702,HR26CT6702,0,True,0.564,/home/calua/number_plate/data/ocr/train/real_0d432a447ff4.jpg
train,1,TS09EG6565,TS09EG6565,0,True,0.877,/home/calua/number_plate/data/ocr/train/real_36055050a0bc.jpg
train,1,MH02CD3654,MH02CD3654,0,True,0.86,/home/calua/number_plate/data/ocr/train/real_9b93a3904a06.jpg
train,1,MH03CS6266,MH03CS6266,0,True,0.901,/home/calua/number_plate/data/ocr/train/real_1aa8fe7c6dc7.jpg
train,1,DL8CAU6883,DL8CAU6883,0,True,0.869,/home/calua/number_plate/data/ocr/train/real_c3edee10471c.jpg
train,1,MH01BT0050,MH01BT0050,0,True,0.827,/home/calua/number_plate/data/ocr/train/real_fb54340edce7.jpg
train,1,AP5CG6320,AP5CG6320,0,True,0.86,/home/calua/number_plate/data/ocr/train/real_961a9a9b4173.jpg
train,1,UK08W2276,UK08W2276,0,True,0.769,/home/calua/number_plate/data/ocr/train/real_17743373056c.jpg
train,1,DL12C3536,DL12C3536,0,True,0.832,/home/calua/number_plate/data/ocr/train/real_4e0d9cb8ddbb.jpg
train,1,MH02DS9365,MH02DS9365,0,True,0.728,/home/calua/number_plate/data/ocr/train/real_26a0872d03bd.jpg
train,1,TN21TC31,TN21TC31,0,True,0.57,/home/calua/number_plate/data/ocr/train/real_7fb4435fe702.jpg
train,1,MH04HF5092,MH04HF5092,0,True,0.846,/home/calua/number_plate/data/ocr/train/real_ebdc97d89172.jpg
train,1,ML087084,ML087084,0,True,0.771,/home/calua/number_plate/data/ocr/train/real_7fe99d4c4fc7.jpg
train,1,UP78DB3730,UP78DB3730,0,True,0.837,/home/calua/number_plate/data/ocr/train/real_5e9c3a0af902.jpg
train,1,KA01D1330,KA01D1330,0,True,0.821,/home/calua/number_plate/data/ocr/train/real_39be261cccf9.jpg
train,1,HR26CT4063,HR26CT4063,0,True,0.869,/home/calua/number_plate/data/ocr/train/real_9fe8e74aebc8.jpg
train,1,UK07AA2432,UK07AA2432,0,True,0.814,/home/calua/number_plate/data/ocr/train/real_386ba81f90c1.jpg
train,1,HP40B8992,HP40B8992,0,True,0.773,/home/calua/number_plate/data/ocr/train/real_664429563aec.jpg
train,1,RJ27TC0530,RJ27TC0530,0,True,0.829,/home/calua/number_plate/data/ocr/train/real_3b8d6f4d4a8f.jpg
train,1,MH03BS7778,MH03BS7778,0,True,0.832,/home/calua/number_plate/data/ocr/train/real_3d54a7d38786.jpg
train,1,SK01PB5004,SK01PB5004,0,True,0.8,/home/calua/number_plate/data/ocr/train/real_79aa33689fc0.jpg
train,1,AR02A7116,AR02A7116,0,True,0.827,/home/calua/number_plate/data/ocr/train/real_46f0c2199b4c.jpg
train,1,BR44E1206,BR44E1206,0,True,0.772,/home/calua/number_plate/data/ocr/train/real_52c4f27380a3.jpg
train,1,MH12FU1014,MH12FU1014,0,True,0.836,/home/calua/number_plate/data/ocr/train/real_8c81ee820faa.jpg
train,1,PB11BN6101,PB11BN6101,0,True,0.851,/home/calua/number_plate/data/ocr/train/real_e48212685cbf.jpg
train,1,HP20E3953,HP20E3953,0,True,0.855,/home/calua/number_plate/data/ocr/train/real_0a48519adee9.jpg
train,1,MH02DW8021,MH02DW8021,0,True,0.858,/home/calua/number_plate/data/ocr/train/real_d8d63952f88a.jpg
train,1,HR09G8378,HR09G8378,0,True,0.73,/home/calua/number_plate/data/ocr/train/real_89eb29d3e124.jpg
train,1,MH01AX1113,MH01AX1113,0,True,0.908,/home/calua/number_plate/data/ocr/train/real_cf06573b9e05.jpg
train,1,MH02MA5324,MH02MA5324,0,True,0.856,/home/calua/number_plate/data/ocr/train/real_cb365c5f8f11.jpg
train,1,PY01CG2929,PY01CG2929,0,True,0.887,/home/calua/number_plate/data/ocr/train/real_687da7caeab6.jpg
train,1,PB65AN2583,PB65AN2583,0,True,0.895,/home/calua/number_plate/data/ocr/train/real_f42fa479771e.jpg
train,1,AS23H2866,AS23H2866,0,True,0.812,/home/calua/number_plate/data/ocr/train/real_c37cc5d2c1e7.jpg
train,1,BR7P3952,BR7P3952,0,True,0.798,/home/calua/number_plate/data/ocr/train/real_09a146a0c472.jpg
train,1,MH03BS4060,MH03BS4060,0,True,0.859,/home/calua/number_plate/data/ocr/train/real_908bbaf84c53.jpg
train,1,MH02DW8021,MH02DW8021,0,True,0.841,/home/calua/number_plate/data/ocr/train/real_d4587e106765.jpg
train,1,AP26AM1260,AP26AM1260,0,True,0.835,/home/calua/number_plate/data/ocr/train/real_612c737f4746.jpg
train,1,GA01C2098,GA01C2098,0,True,0.812,/home/calua/number_plate/data/ocr/train/real_942e977da241.jpg
train,1,MH02FN2783,MH02FN2783,0,True,0.851,/home/calua/number_plate/data/ocr/train/real_0f33df63279a.jpg
train,1,HR26EJ7668,HR26EJ7668,0,True,0.833,/home/calua/number_plate/data/ocr/train/real_ec0f972c0ddf.jpg
train,1,MH47Y1124,MH47Y1124,0,True,0.676,/home/calua/number_plate/data/ocr/train/real_6764879b56f1.jpg
train,1,MH02DS9365,MH02DS9365,0,True,0.87,/home/calua/number_plate/data/ocr/train/real_87b3f8692761.jpg
train,1,MH03CS6266,MH03CS6266,0,True,0.871,/home/calua/number_plate/data/ocr/train/real_8742c765f49f.jpg
train,1,UP16CT2233,UP16CT2233,0,True,0.502,/home/calua/number_plate/data/ocr/train/real_65b1e84ad886.jpg
train,1,MH02EU4884,MH02EU4884,0,True,0.853,/home/calua/number_plate/data/ocr/train/real_9155d3c8111b.jpg
train,1,TS36H6578,TS36H6578,0,True,0.85,/home/calua/number_plate/data/ocr/train/real_62b6c5da6ff0.jpg
train,1,MH05DS8679,MH05DS8679,0,True,0.867,/home/calua/number_plate/data/ocr/train/real_2519e6ca0cce.jpg
train,1,MH03DV2010,MH03DV2010,0,True,0.796,/home/calua/number_plate/data/ocr/train/real_773b64fa41a5.jpg
train,1,MH01BG7161,MH01BG7161,0,True,0.676,/home/calua/number_plate/data/ocr/train/real_be214ea6a8be.jpg
train,1,GJ05JH2501,GJ05JH2501,0,True,0.868,/home/calua/number_plate/data/ocr/train/real_38bfba5d6fa4.jpg
train,1,TN45BA1065,TN45BA1065,0,True,0.799,/home/calua/number_plate/data/ocr/train/real_b6a865d064ec.jpg
train,1,JK127959,JK127959,0,True,0.878,/home/calua/number_plate/data/ocr/train/real_61675c2c8efe.jpg
train,1,PB07BY3563,PB07BY3563,0,True,0.859,/home/calua/number_plate/data/ocr/train/real_7569d040ba21.jpg
train,1,DL9CAV1739,DL9CAV1739,0,True,0.821,/home/calua/number_plate/data/ocr/train/real_e62e1a1fad95.jpg
train,1,HR696969,HR696969,0,True,0.842,/home/calua/number_plate/data/ocr/train/real_055542b43ac1.jpg
train,1,CG09JA2359,CG09JA2359,0,True,0.863,/home/calua/number_plate/data/ocr/train/real_706f9fbfba75.jpg
train,1,OD02J0435,OD02J0435,0,True,0.864,/home/calua/number_plate/data/ocr/train/real_fc863d4b27e9.jpg
train,1,KL10AV6342,KL10AV6342,0,True,0.83,/home/calua/number_plate/data/ocr/train/real_ec06005d05da.jpg
train,1,MH02EK4399,MH02EK4399,0,True,0.838,/home/calua/number_plate/data/ocr/train/real_4f9c07cc7b22.jpg
train,1,HP22E8000,HP22E8000,0,True,0.861,/home/calua/number_plate/data/ocr/train/real_74549525e605.jpg
train,1,CG07CA7784,CG07CA7784,0,True,0.848,/home/calua/number_plate/data/ocr/train/real_da95961164dd.jpg
train,1,KL10AV6633,KL10AV6633,0,True,0.87,/home/calua/number_plate/data/ocr/train/real_4b720aa4309a.jpg
train,1,TN21BZ0768,TN21BZ0768,0,True,0.856,/home/calua/number_plate/data/ocr/train/real_00d205dc0bde.jpg
train,1,JH08C0625,JH08C0625,0,True,0.879,/home/calua/number_plate/data/ocr/train/real_f143087b83a2.jpg
train,1,MH03CB0229,MH03CB0229,0,True,0.885,/home/calua/number_plate/data/ocr/train/real_6b643b09c0a7.jpg
train,1,MH12FK1392,MH12FK1392,0,True,0.848,/home/calua/number_plate/data/ocr/train/real_59f5d9e104f2.jpg
train,1,MH03CS6266,MH03CS6266,0,True,0.874,/home/calua/number_plate/data/ocr/train/real_16a0a047b4b4.jpg
train,1,MH02EU4884,MH02EU4884,0,True,0.882,/home/calua/number_plate/data/ocr/train/real_a0e473b59f42.jpg
train,1,MH14TCF459,MH14TCF459,0,True,0.653,/home/calua/number_plate/data/ocr/train/real_cc72b147a285.jpg
train,1,HR26CT6702,HR26CT6702,0,True,0.612,/home/calua/number_plate/data/ocr/train/real_12d0a3d3d3db.jpg
train,1,CG04H5060,CG04H5060,0,True,0.875,/home/calua/number_plate/data/ocr/train/real_2004eaa23b9d.jpg
train,1,MH01AV7461,MH01AV7461,0,True,0.839,/home/calua/number_plate/data/ocr/train/real_3d860d94f409.jpg
train,1,CG12AG1130,CG12AG1130,0,True,0.867,/home/calua/number_plate/data/ocr/train/real_eeaf910218f4.jpg
train,1,MH47Y1124,MH47Y1124,0,True,0.798,/home/calua/number_plate/data/ocr/train/real_b752a0d1ae3e.jpg
train,1,MH02DW8021,MH02DW8021,0,True,0.853,/home/calua/number_plate/data/ocr/train/real_292dba65cdf3.jpg
train,1,AP31CS2511,AP31CS2511,0,True,0.83,/home/calua/number_plate/data/ocr/train/real_a1c404756893.jpg
train,1,MH03AF1911,MH03AF1911,0,True,0.804,/home/calua/number_plate/data/ocr/train/real_97b89b84bb19.jpg
train,1,MH47Y1124,MH47Y1124,0,True,0.785,/home/calua/number_plate/data/ocr/train/real_2c428e4ac387.jpg
train,1,MH02DS9365,MH02DS9365,0,True,0.851,/home/calua/number_plate/data/ocr/train/real_f90a299f18ba.jpg
train,1,MH03CP1328,MH03CP1328,0,True,0.826,/home/calua/number_plate/data/ocr/train/real_1fc0f0de307f.jpg
train,1,CG04HV7009,CG04HV7009,0,True,0.852,/home/calua/number_plate/data/ocr/train/real_3b0444c569e5.jpg
train,1,WB26S5093,WB26S5093,0,True,0.882,/home/calua/number_plate/data/ocr/train/real_44a58f907c30.jpg
train,1,MN05A6028,MN05A6028,0,True,0.859,/home/calua/number_plate/data/ocr/train/real_1fdb725da03e.jpg
train,1,OD11P6123,OD11P6123,0,True,0.851,/home/calua/number_plate/data/ocr/train/real_410bfc3fee02.jpg
train,1,TS15ES0894,TS15ES0894,0,True,0.833,/home/calua/number_plate/data/ocr/train/real_7202da998d6b.jpg
train,1,MH02EK0837,MH02EK0837,0,True,0.863,/home/calua/number_plate/data/ocr/train/real_b234e1a08a8d.jpg
train,1,KA51AA3469,KA51AA3469,0,True,0.896,/home/calua/number_plate/data/ocr/train/real_f0973490b89d.jpg
train,1,AP05BY7799,AP05BY7799,0,True,0.897,/home/calua/number_plate/data/ocr/train/real_863da6f38f83.jpg
train,1,DL12CG6648,DL12CG6648,0,True,0.583,/home/calua/number_plate/data/ocr/train/real_9233f6f9a108.jpg
train,1,MH01AM7014,MH01AM7014,0,True,0.769,/home/calua/number_plate/data/ocr/train/real_4c6a1c89eb74.jpg
train,1,MH21V9926,MH21V9926,0,True,0.884,/home/calua/number_plate/data/ocr/train/real_20517263c383.jpg
train,1,MH02DN8718,MH02DN8718,0,True,0.886,/home/calua/number_plate/data/ocr/train/real_a131a36a7a20.jpg
train,1,MH47Y1124,MH47Y1124,0,True,0.798,/home/calua/number_plate/data/ocr/train/real_0daffb1b003d.jpg
train,1,WB06G4120,WB06G4120,0,True,0.837,/home/calua/number_plate/data/ocr/train/real_0613c457ad88.jpg
train,1,UP32HY6077,UP32HY6077,0,True,0.866,/home/calua/number_plate/data/ocr/train/real_f56948e02c91.jpg
train,1,HR26CR3302,HR26CR3302,0,True,0.797,/home/calua/number_plate/data/ocr/train/real_67893ae7c823.jpg
train,1,MH12JC2813,MH12JC2813,0,True,0.791,/home/calua/number_plate/data/ocr/train/real_0ea34190cbea.jpg
train,1,MH02BG9542,MH02BG9542,0,True,0.903,/home/calua/number_plate/data/ocr/train/real_476eb6931a72.jpg
train,1,MH02EU4884,MH02EU4884,0,True,0.88,/home/calua/number_plate/data/ocr/train/real_3f4124aba72c.jpg
train,1,ML05J8950,ML05J8950,0,True,0.849,/home/calua/number_plate/data/ocr/train/real_c5bae07f2bdb.jpg
train,1,CH01BL3528,CH01BL3528,0,True,0.827,/home/calua/number_plate/data/ocr/train/real_ce6f80a787ce.jpg
train,1,DL9CAU5573,DL9CAU5573,0,True,0.883,/home/calua/number_plate/data/ocr/train/real_7ca3cfed2e49.jpg
train,1,TN07BU5427,TN07BU5427,0,True,0.81,/home/calua/number_plate/data/ocr/train/real_7ca83f2e131b.jpg
train,1,WB02AJ4534,WB02AJ4534,0,True,0.829,/home/calua/number_plate/data/ocr/train/real_d9bcdd4916cf.jpg
train,1,MH03BS4060,MH03BS4060,0,True,0.841,/home/calua/number_plate/data/ocr/train/real_f11c275744fb.jpg
train,1,MP09CQ9712,MP09CQ9712,0,True,0.822,/home/calua/number_plate/data/ocr/train/real_30f441257279.jpg
train,1,DN09C0868,DN09C0868,0,True,0.833,/home/calua/number_plate/data/ocr/train/real_0019aa4f617b.jpg
train,1,MH03CS6266,MH03CS6266,0,True,0.847,/home/calua/number_plate/data/ocr/train/real_88e24cf87c5f.jpg
train,1,HR26U7501,HR26U7501,0,True,0.83,/home/calua/number_plate/data/ocr/train/real_166241a9b64d.jpg
train,1,JK05H3594,JK05H3594,0,True,0.807,/home/calua/number_plate/data/ocr/train/real_a8cbc6cae2f3.jpg
train,1,MH47Y1124,MH47Y1124,0,True,0.772,/home/calua/number_plate/data/ocr/train/real_3bfcb2567f3b.jpg
train,1,MH01AL9693,MH01AL9693,0,True,0.875,/home/calua/number_plate/data/ocr/train/real_278167e2cdef.jpg
train,1,AP37EJ2277,AP37EJ2277,0,True,0.831,/home/calua/number_plate/data/ocr/train/real_5d162fc25c0c.jpg
train,1,MH02DN8718,MH02DN8718,0,True,0.87,/home/calua/number_plate/data/ocr/train/real_9ff795a2a713.jpg
train,1,KA03AB3380,KA03AB3380,0,True,0.631,/home/calua/number_plate/data/ocr/train/real_787515646ede.jpg
train,1,HR26DG6167,HR26DG6167,0,True,0.664,/home/calua/number_plate/data/ocr/train/real_d65f71d60567.jpg
train,1,MH47Y1124,MH47Y1124,0,True,0.711,/home/calua/number_plate/data/ocr/train/real_75b64628eb10.jpg
train,1,PY055353,PY055353,0,True,0.803,/home/calua/number_plate/data/ocr/train/real_f85962752926.jpg
train,1,MH02FN2783,MH02FN2783,0,True,0.824,/home/calua/number_plate/data/ocr/train/real_fee9aa99f5c2.jpg
train,1,DL6CM6683,DL6CM6683,0,True,0.803,/home/calua/number_plate/data/ocr/train/real_eba855a2a064.jpg
train,1,MH01AM7014,MH01AM7014,0,True,0.779,/home/calua/number_plate/data/ocr/train/real_c1d29136a86f.jpg
train,1,AP02BP2454,AP02BP2454,0,True,0.866,/home/calua/number_plate/data/ocr/train/real_00b81b62bce2.jpg
train,1,JH10BV1496,JH10BV1496,0,True,0.876,/home/calua/number_plate/data/ocr/train/real_df22c559d297.jpg
train,1,DL3CAY9324,DL3CAY9324,0,True,0.653,/home/calua/number_plate/data/ocr/train/real_c2e6a21e98a1.jpg
train,1,MH47Y1124,MH47Y1124,0,True,0.795,/home/calua/number_plate/data/ocr/train/real_aad6153fba41.jpg
train,1,WB061061,WB061061,0,True,0.851,/home/calua/number_plate/data/ocr/train/real_0e1ff6e25f76.jpg
train,1,MH03BS4060,MH03BS4060,0,True,0.86,/home/calua/number_plate/data/ocr/train/real_4f6efe72daf2.jpg
train,1,MH02EK0837,MH02EK0837,0,True,0.897,/home/calua/number_plate/data/ocr/train/real_ad0a867868b9.jpg
train,1,JK10A4638,JK10A4638,0,True,0.871,/home/calua/number_plate/data/ocr/train/real_5a7c0af201b9.jpg
train,1,MH03CS6266,MH03CS6266,0,True,0.853,/home/calua/number_plate/data/ocr/train/real_6eaa6927d52e.jpg
train,1,MH01AX1113,MH01AX1113,0,True,0.891,/home/calua/number_plate/data/ocr/train/real_5af433a2494d.jpg
train,1,OD14E3131,OD14E3131,0,True,0.812,/home/calua/number_plate/data/ocr/train/real_a1f5f4358f71.jpg
train,1,TN07BU5427,TN07BU5427,0,True,0.828,/home/calua/number_plate/data/ocr/train/real_9f49d6d09173.jpg
train,1,MH04HP6100,MH04HP6100,0,True,0.823,/home/calua/number_plate/data/ocr/train/real_0236ff583393.jpg
train,1,MH03DU5196,MH03DU5196,0,True,0.689,/home/calua/number_plate/data/ocr/train/real_0d536edded66.jpg
train,1,MH02MA5324,MH02MA5324,0,True,0.787,/home/calua/number_plate/data/ocr/train/real_dd71e3f3ca7d.jpg
train,1,MH02EK0837,MH02EK0837,0,True,0.758,/home/calua/number_plate/data/ocr/train/real_63406bc52c90.jpg
train,1,MH01BT4302,MH01BT4302,0,True,0.849,/home/calua/number_plate/data/ocr/train/real_91e4af57a898.jpg
train,1,HR26TC5656,HR26TC5656,0,True,0.857,/home/calua/number_plate/data/ocr/train/real_3ae860eaa810.jpg
train,1,JK02BF5058,JK02BF5058,0,True,0.847,/home/calua/number_plate/data/ocr/train/real_7f951178e6c5.jpg
train,1,MH06AW8929,MH06AW8929,0,True,0.806,/home/calua/number_plate/data/ocr/train/real_a5463b99075b.jpg
train,1,BR01BD5042,BR01BD5042,0,True,0.876,/home/calua/number_plate/data/ocr/train/real_e1f425ed6930.jpg
train,1,JK02CC0447,JK02CC0447,0,True,0.804,/home/calua/number_plate/data/ocr/train/real_f3eaba989374.jpg
train,1,SK04P1320,SK04P1320,0,True,0.849,/home/calua/number_plate/data/ocr/train/real_26b3d0b24150.jpg
train,1,GJ06FK2977,GJ06FK2977,0,True,0.89,/home/calua/number_plate/data/ocr/train/real_ea20c687b328.jpg
train,1,MH02DS9365,MH02DS9365,0,True,0.863,/home/calua/number_plate/data/ocr/train/real_693d96747bf8.jpg
train,1,MH47N0712,MH47N0712,0,True,0.779,/home/calua/number_plate/data/ocr/train/real_0753a5223aaa.jpg
train,1,HR26CT4063,HR26CT4063,0,True,0.864,/home/calua/number_plate/data/ocr/train/real_f32ad7af7102.jpg
train,1,GJ01RS0198,GJ01RS0198,0,True,0.85,/home/calua/number_plate/data/ocr/train/real_2b8b3b3f6061.jpg
train,1,KA04MN3622,KA04MN3622,0,True,0.834,/home/calua/number_plate/data/ocr/train/real_7f139d67147a.jpg
train,1,MH02EE8407,MH02EE8407,0,True,0.848,/home/calua/number_plate/data/ocr/train/real_6246e05ec936.jpg
train,1,DL3CBS5881,DL3CBS5881,0,True,0.897,/home/calua/number_plate/data/ocr/train/real_453b2bcdadb9.jpg
train,1,GJ12CG2526,GJ12CG2526,0,True,0.877,/home/calua/number_plate/data/ocr/train/real_2eb90a953486.jpg
train,1,KL10AV6633,KL10AV6633,0,True,0.674,/home/calua/number_plate/data/ocr/train/real_73de3ab9427d.jpg
train,1,KL01CC50,KL01CC50,0,True,0.569,/home/calua/number_plate/data/ocr/train/real_24aee01912be.jpg
train,1,MH02DW8021,MH02DW8021,0,True,0.799,/home/calua/number_plate/data/ocr/train/real_0124ca1e54eb.jpg
train,1,UP32BF3577,UP32BF3577,0,True,0.646,/home/calua/number_plate/data/ocr/train/real_971c26330365.jpg
train,1,MH20DV2362,MH20DV2362,0,True,0.852,/home/calua/number_plate/data/ocr/train/real_52f20a2393ac.jpg
train,1,MH47Y1124,MH47Y1124,0,True,0.773,/home/calua/number_plate/data/ocr/train/real_69d3690292b4.jpg
train,1,UP23K0008,UP23K0008,0,True,0.889,/home/calua/number_plate/data/ocr/train/real_69cad317cf67.jpg
train,1,UP50AS4535,UP50AS4535,0,True,0.866,/home/calua/number_plate/data/ocr/train/real_8b6f7e7de15f.jpg
train,1,TN37CR4019,TN37CR4019,0,True,0.824,/home/calua/number_plate/data/ocr/train/real_eb4bf889984f.jpg
train,1,HP01N0304,HP01N0304,0,True,0.738,/home/calua/number_plate/data/ocr/train/real_c54aaadb2439.jpg
train,1,JH01BC5210,JH01BC5210,0,True,0.888,/home/calua/number_plate/data/ocr/train/real_bab6078330f5.jpg
train,1,MH06AW8929,MH06AW8929,0,True,0.75,/home/calua/number_plate/data/ocr/train/real_aac9a078e206.jpg
train,1,MH02BG9542,MH02BG9542,0,True,0.658,/home/calua/number_plate/data/ocr/train/real_5c37af194bce.jpg
train,1,MH01CT1710,MH01CT1710,0,True,0.886,/home/calua/number_plate/data/ocr/train/real_ee9e23319ada.jpg
train,1,MH02EE8407,MH02EE8407,0,True,0.823,/home/calua/number_plate/data/ocr/train/real_2d4d5e06d327.jpg
train,1,MH03BS4060,MH03BS4060,0,True,0.755,/home/calua/number_plate/data/ocr/train/real_f9d165bf40e6.jpg
train,1,GJ06HS1855,GJ06HS1855,0,True,0.9,/home/calua/number_plate/data/ocr/train/real_1c50c99d83e0.jpg
train,1,MH47Y1124,MH47Y1124,0,True,0.75,/home/calua/number_plate/data/ocr/train/real_c95a881ee0f5.jpg
train,1,UP14CV7920,UP14CV7920,0,True,0.837,/home/calua/number_plate/data/ocr/train/real_103193a401a4.jpg
train,1,HR26AZ5927,HR26AZ5927,0,True,0.813,/home/calua/number_plate/data/ocr/train/real_c9213e0c65c7.jpg
train,1,HR26CR3302,HR26CR3302,0,True,0.807,/home/calua/number_plate/data/ocr/train/real_a9d2afcd12d9.jpg
train,1,HR26BR9044,HR26BR9044,0,True,0.9,/home/calua/number_plate/data/ocr/train/real_8968c71212bc.jpg
train,1,HR51BU8218,HR51BU8218,0,True,0.897,/home/calua/number_plate/data/ocr/train/real_8417d4b8c9f1.jpg
train,1,WB171717,WB171717,0,True,0.545,/home/calua/number_plate/data/ocr/train/real_a05e89abe83d.jpg
train,1,DN09D2724,DN09D2724,0,True,0.878,/home/calua/number_plate/data/ocr/train/real_95a7f77aac8e.jpg
train,1,MH02DN8718,MH02DN8718,0,True,0.85,/home/calua/number_plate/data/ocr/train/real_be98b61eaeef.jpg
train,1,MH02EK0837,MH02EK0837,0,True,0.815,/home/calua/number_plate/data/ocr/train/real_371436f1af06.jpg
train,1,AR01F2523,AR01F2523,0,True,0.848,/home/calua/number_plate/data/ocr/train/real_dff9df97b776.jpg
train,1,MH47N4570,MH47N4570,0,True,0.829,/home/calua/number_plate/data/ocr/train/real_0880891019a0.jpg
train,1,OD021481,OD021481,0,True,0.859,/home/calua/number_plate/data/ocr/train/real_feb963b28c94.jpg
train,1,HR26CF5868,HR26CF5868,0,True,0.859,/home/calua/number_plate/data/ocr/train/real_d95fe50bdd93.jpg
train,1,MH03CS6266,MH03CS6266,0,True,0.887,/home/calua/number_plate/data/ocr/train/real_8c4bd01833b5.jpg
train,1,WB08A4101,WB08A4101,0,True,0.884,/home/calua/number_plate/data/ocr/train/real_649f5402e7a2.jpg
train,1,MH47N2829,MH47N2829,0,True,0.901,/home/calua/number_plate/data/ocr/train/real_c62d4fb86931.jpg
train,1,MH01CT9150,MH01CT9150,0,True,0.818,/home/calua/number_plate/data/ocr/train/real_0879efc28d69.jpg
train,1,BR01BE0777,BR01BE0777,0,True,0.858,/home/calua/number_plate/data/ocr/train/real_c3833c8a15bc.jpg
train,1,GA07K6090,GA07K6090,0,True,0.87,/home/calua/number_plate/data/ocr/train/real_1e3b5251d949.jpg
train,1,AP31BL8656,AP31BL8656,0,True,0.871,/home/calua/number_plate/data/ocr/train/real_12768e15342f.jpg
train,1,SK01PA2969,SK01PA2969,0,True,0.902,/home/calua/number_plate/data/ocr/train/real_841d2e8062d5.jpg
train,1,HR26BA8008,HR26BA8008,0,True,0.8,/home/calua/number_plate/data/ocr/train/real_edb85a4b1cb3.jpg
train,1,JH01BU9956,JH01BU9956,0,True,0.812,/home/calua/number_plate/data/ocr/train/real_bf1dff884fbf.jpg
train,1,KL01AX8000,KL01AX8000,0,True,0.886,/home/calua/number_plate/data/ocr/train/real_7f50f78a0e3f.jpg
train,1,MH03CS6266,MH03CS6266,0,True,0.825,/home/calua/number_plate/data/ocr/train/real_518d3fa7586b.jpg
train,1,MH03AT3856,MH03AT3856,0,True,0.839,/home/calua/number_plate/data/ocr/train/real_28e9fc4f5cbb.jpg
train,1,MH12FU1014,MH12FU1014,0,True,0.824,/home/calua/number_plate/data/ocr/train/real_910eeece814a.jpg
train,1,AR200692,AR200692,0,True,0.869,/home/calua/number_plate/data/ocr/train/real_a5392d34e163.jpg
train,1,WB02AM8548,WB02AM8548,0,True,0.891,/home/calua/number_plate/data/ocr/train/real_35418731e4e1.jpg
train,1,MH14TCD204,MH14TCD204,0,True,0.793,/home/calua/number_plate/data/ocr/train/real_5df4b65bf372.jpg
train,1,CH01AL4920,CH01AL4920,0,True,0.808,/home/calua/number_plate/data/ocr/train/real_04f28c1733e4.jpg
train,1,MH14EH5819,MH14EH5819,0,True,0.904,/home/calua/number_plate/data/ocr/train/real_a7abede3a88a.jpg
train,1,MH02DW8021,MH02DW8021,0,True,0.789,/home/calua/number_plate/data/ocr/train/real_e0dd0040160e.jpg
train,1,GJ34B9811,GJ34B9811,0,True,0.815,/home/calua/number_plate/data/ocr/train/real_ca602d93aaf1.jpg
train,1,MH03CS6266,MH03CS6266,0,True,0.898,/home/calua/number_plate/data/ocr/train/real_7da5de34e33f.jpg
train,1,MP07CB8897,MP07CB8897,0,True,0.876,/home/calua/number_plate/data/ocr/train/real_7c94beeeac63.jpg
train,1,MH05BS3471,MH05BS3471,0,True,0.836,/home/calua/number_plate/data/ocr/train/real_e5b3ad0dd78c.jpg
train,1,ML05R1934,ML05R1934,0,True,0.854,/home/calua/number_plate/data/ocr/train/real_e7d9736d2fb5.jpg
train,1,ML05H1958,ML05H1958,0,True,0.821,/home/calua/number_plate/data/ocr/train/real_03067359bc5d.jpg
train,1,MH03CS6266,MH03CS6266,0,True,0.884,/home/calua/number_plate/data/ocr/train/real_f0daeeb341e5.jpg
train,1,TR05B0308,TR05B0308,0,True,0.88,/home/calua/number_plate/data/ocr/train/real_707f2b9fe78d.jpg
train,1,MH20CS1938,MH20CS1938,0,True,0.856,/home/calua/number_plate/data/ocr/train/real_9ec02b350994.jpg
train,1,AP04BA4464,AP04BA4464,0,True,0.821,/home/calua/number_plate/data/ocr/train/real_3d8a517ae9e2.jpg
train,1,UP79L0567,UP79L0567,0,True,0.889,/home/calua/number_plate/data/ocr/train/real_b930a80bd499.jpg
train,1,HR29AS0015,HR29AS0015,0,True,0.9,/home/calua/number_plate/data/ocr/train/real_4ca368729b96.jpg
train,1,MH03CS6266,MH03CS6266,0,True,0.915,/home/calua/number_plate/data/ocr/train/real_c1beba815ed8.jpg
train,1,WB74X7605,WB74X7605,0,True,0.77,/home/calua/number_plate/data/ocr/train/real_10b4a911b31b.jpg
train,1,TN45BA1065,TN45BA1065,0,True,0.904,/home/calua/number_plate/data/ocr/train/real_f0ae2f9798e1.jpg
train,1,MH20CS1938,MH20CS1938,0,True,0.818,/home/calua/number_plate/data/ocr/train/real_e5f742f5d965.jpg
train,1,MH46AD5258,MH46AD5258,0,True,0.625,/home/calua/number_plate/data/ocr/train/real_386b81181140.jpg
train,1,MH02DN8718,MH02DN8718,0,True,0.878,/home/calua/number_plate/data/ocr/train/real_27bc9a37db0e.jpg
train,1,MH47Y1124,MH47Y1124,0,True,0.798,/home/calua/number_plate/data/ocr/train/real_db05f0625c72.jpg
train,1,MH02FN2783,MH02FN2783,0,True,0.877,/home/calua/number_plate/data/ocr/train/real_1cdbc0b437a3.jpg
train,1,GA06E3855,GA06E3855,0,True,0.889,/home/calua/number_plate/data/ocr/train/real_e6fba5f2b6fc.jpg
train,1,MP08CA6293,MP08CA6293,0,True,0.875,/home/calua/number_plate/data/ocr/train/real_96d17bd8ffdd.jpg
train,1,HP36E3330,HP36E3330,0,True,0.865,/home/calua/number_plate/data/ocr/train/real_3bd4f2df436c.jpg
train,1,DL14CTC0153,DL14CTC0153,0,True,0.873,/home/calua/number_plate/data/ocr/train/real_72902ae82aca.jpg
train,1,MH01AV7461,MH01AV7461,0,True,0.8,/home/calua/number_plate/data/ocr/train/real_abfffe8b4802.jpg
train,1,MH02CD3654,MH02CD3654,0,True,0.821,/home/calua/number_plate/data/ocr/train/real_4b5577ecdadd.jpg
train,1,PB06AN6162,PB06AN6162,0,True,0.857,/home/calua/number_plate/data/ocr/train/real_0ed7e50fb52e.jpg
train,1,MH03CS6266,MH03CS6266,0,True,0.836,/home/calua/number_plate/data/ocr/train/real_75684df4db1b.jpg
train,1,MH47Y1124,MH47Y1124,0,True,0.73,/home/calua/number_plate/data/ocr/train/real_c487710f8981.jpg
train,1,HR26DM2296,HR26DM2296,0,True,0.842,/home/calua/number_plate/data/ocr/train/real_c33637926c6b.jpg
train,1,CH01AZ2642,CH01AZ2642,0,True,0.874,/home/calua/number_plate/data/ocr/train/real_882bbcc977b8.jpg
train,1,AS01AN8668,AS01AN8668,0,True,0.822,/home/calua/number_plate/data/ocr/train/real_4f9622a9ac86.jpg
train,1,MP04CL3546,MP04CL3546,0,True,0.893,/home/calua/number_plate/data/ocr/train/real_600551c5b3db.jpg
train,1,DL2CAX2886,DL2CAX2886,0,True,0.859,/home/calua/number_plate/data/ocr/train/real_9ce6f776388c.jpg
train,1,MH01BT0050,MH01BT0050,0,True,0.859,/home/calua/number_plate/data/ocr/train/real_0be7d91aac35.jpg
train,1,MH01AV7461,MH01AV7461,0,True,0.835,/home/calua/number_plate/data/ocr/train/real_4b8d04db4e16.jpg
train,1,CG04HD6930,CG04HD6930,0,True,0.858,/home/calua/number_plate/data/ocr/train/real_d74d310a4d43.jpg
train,1,MH4705851,MH4705851,0,True,0.796,/home/calua/number_plate/data/ocr/train/real_49ba39af0fcd.jpg
train,1,MH05DS8679,MH05DS8679,0,True,0.869,/home/calua/number_plate/data/ocr/train/real_0b9319f11bc0.jpg
train,1,DL6CR7002,DL6CR7002,0,True,0.846,/home/calua/number_plate/data/ocr/train/real_76a4f465026b.jpg
train,1,AR168272,AR168272,0,True,0.82,/home/calua/number_plate/data/ocr/train/real_08a3b7661627.jpg
train,1,PY02S7828,PY02S7828,0,True,0.839,/home/calua/number_plate/data/ocr/train/real_5596a74102f4.jpg
train,1,HR26CH3604,HR26CH3604,0,True,0.627,/home/calua/number_plate/data/ocr/train/real_07b6c50beaf0.jpg
train,1,MH15TC554,MH15TC554,0,True,0.853,/home/calua/number_plate/data/ocr/train/real_c0f4644f66a5.jpg
train,1,MH03AT3856,MH03AT3856,0,True,0.837,/home/calua/number_plate/data/ocr/train/real_e579b4ca67f7.jpg
train,1,PB10EE0888,PB10EE0888,0,True,0.804,/home/calua/number_plate/data/ocr/train/real_927b414bb471.jpg
train,1,HR51AY9099,HR51AY9099,0,True,0.644,/home/calua/number_plate/data/ocr/train/real_b3656545ceba.jpg
train,1,MH01AL9693,MH01AL9693,0,True,0.871,/home/calua/number_plate/data/ocr/train/real_b5e1843e4273.jpg
train,1,MH02MA5324,MH02MA5324,0,True,0.847,/home/calua/number_plate/data/ocr/train/real_f1eceb408083.jpg
train,1,MH01BG7161,MH01BG7161,0,True,0.847,/home/calua/number_plate/data/ocr/train/real_07ccffd2a3cb.jpg
train,1,MH03BS4060,MH03BS4060,0,True,0.872,/home/calua/number_plate/data/ocr/train/real_93d43ea4f3d3.jpg
train,1,DL13S0155,DL13S0155,0,True,0.747,/home/calua/number_plate/data/ocr/train/real_1f3946d949a8.jpg
train,1,PY05A8339,PY05A8339,0,True,0.875,/home/calua/number_plate/data/ocr/train/real_c0e609368427.jpg
train,1,MH47Y1124,MH47Y1124,0,True,0.798,/home/calua/number_plate/data/ocr/train/real_771fe7992e78.jpg
train,1,PB23S8600,PB23S8600,0,True,0.857,/home/calua/number_plate/data/ocr/train/real_d767bca0e671.jpg
train,1,MH01AR5274,MH01AR5274,0,True,0.619,/home/calua/number_plate/data/ocr/train/real_5f04024a7635.jpg
train,1,MH02BG9542,MH02BG9542,0,True,0.657,/home/calua/number_plate/data/ocr/train/real_a87f38f157f5.jpg
train,1,DL12CJ9823,DL12CJ9823,0,True,0.86,/home/calua/number_plate/data/ocr/train/real_f1ce1162c9ae.jpg
train,1,MH02EK0837,MH02EK0837,0,True,0.867,/home/calua/number_plate/data/ocr/train/real_adf7e0795ed0.jpg
train,1,JH01AM0100,JH01AM0100,0,True,0.824,/home/calua/number_plate/data/ocr/train/real_25f01bb6ab28.jpg
train,1,TN10AR0131,TN10AR0131,0,True,0.896,/home/calua/number_plate/data/ocr/train/real_29268a1670d7.jpg
train,1,WB26T6688,WB26T6688,0,True,0.786,/home/calua/number_plate/data/ocr/train/real_8843d033e116.jpg
train,1,KA18P2987,KA18P2987,0,True,0.84,/home/calua/number_plate/data/ocr/train/real_a1d390137e51.jpg
train,1,DL14CTC0153,DL14CTC0153,0,True,0.897,/home/calua/number_plate/data/ocr/train/real_73abf368265f.jpg
train,1,WB20AG9041,WB20AG9041,0,True,0.811,/home/calua/number_plate/data/ocr/train/real_6406d85a5a76.jpg
train,1,MH43X8997,MH43X8997,0,True,0.86,/home/calua/number_plate/data/ocr/train/real_f5500f323a10.jpg
train,1,RJ27TC0530,RJ27TC0530,0,True,0.71,/home/calua/number_plate/data/ocr/train/real_9f3d41da550f.jpg
train,1,MH15TC554,MH15TC554,0,True,0.829,/home/calua/number_plate/data/ocr/train/real_452dc4d1c1f6.jpg
train,1,HP666807,HP666807,0,True,0.794,/home/calua/number_plate/data/ocr/train/real_8d20153516ba.jpg
train,1,ML05F6894,ML05F6894,0,True,0.886,/home/calua/number_plate/data/ocr/train/real_2b4a4499a019.jpg
train,1,MH02EK0837,MH02EK0837,0,True,0.866,/home/calua/number_plate/data/ocr/train/real_ce0efccba60f.jpg
train,1,MH47N4570,MH47N4570,0,True,0.826,/home/calua/number_plate/data/ocr/train/real_87977307ddea.jpg
train,1,KA04MG7528,KA04MG7528,0,True,0.906,/home/calua/number_plate/data/ocr/train/real_bb6a115363e1.jpg
train,1,TN74F3339,TN74F3339,0,True,0.738,/home/calua/number_plate/data/ocr/train/real_dcf291b4fed7.jpg
train,1,TS07EL3335,TS07EL3335,0,True,0.831,/home/calua/number_plate/data/ocr/train/real_b2d9bef0b043.jpg
train,1,MH05DS8679,MH05DS8679,0,True,0.903,/home/calua/number_plate/data/ocr/train/real_39e3439beb05.jpg
train,1,HP16A2014,HP16A2014,0,True,0.827,/home/calua/number_plate/data/ocr/train/real_063ae7847045.jpg
train,1,AP10AS3445,AP10AS3445,0,True,0.83,/home/calua/number_plate/data/ocr/train/real_dbcbcb99df84.jpg
train,1,KA03NA8385,KA03NA8385,0,True,0.857,/home/calua/number_plate/data/ocr/train/real_308d2457fefd.jpg
train,1,ML04C0056,ML04C0056,0,True,0.882,/home/calua/number_plate/data/ocr/train/real_d85f9b858973.jpg
train,1,MH03CS6266,MH03CS6266,0,True,0.889,/home/calua/number_plate/data/ocr/train/real_0e406ce76668.jpg
train,1,PY01BD9020,PY01BD9020,0,True,0.887,/home/calua/number_plate/data/ocr/train/real_8c58de9328ea.jpg
train,1,RJ27TC0530,RJ27TC0530,0,True,0.581,/home/calua/number_plate/data/ocr/train/real_bceff9f8e141.jpg
train,1,MH02FN2783,MH02FN2783,0,True,0.877,/home/calua/number_plate/data/ocr/train/real_34e3c5260657.jpg
train,1,DL5CH7599,DL5CH7599,0,True,0.844,/home/calua/number_plate/data/ocr/train/real_9d27ce9c592b.jpg
train,1,PB10CX0209,PB10CX0209,0,True,0.843,/home/calua/number_plate/data/ocr/train/real_29bcfad6c02b.jpg
train,1,DL6CM6683,DL6CM6683,0,True,0.851,/home/calua/number_plate/data/ocr/train/real_5617ee7daa36.jpg
train,1,MH03CS6266,MH03CS6266,0,True,0.906,/home/calua/number_plate/data/ocr/train/real_5c67e515a8f5.jpg
train,1,AS01DG6002,AS01DG6002,0,True,0.891,/home/calua/number_plate/data/ocr/train/real_1d35d18f74d3.jpg
train,1,AN01P9687,AN01P9687,0,True,0.831,/home/calua/number_plate/data/ocr/train/real_cda7bbe7aa90.jpg
train,1,HR26DA0471,HR26DA0471,0,True,0.878,/home/calua/number_plate/data/ocr/train/real_6656d7cf626e.jpg
train,1,KL07CB8599,KL07CB8599,0,True,0.9,/home/calua/number_plate/data/ocr/train/real_43c692a96782.jpg
train,1,MH03CS6266,MH03CS6266,0,True,0.911,/home/calua/number_plate/data/ocr/train/real_b2cdb381d829.jpg
train,1,DL2CAR0108,DL2CAR0108,0,True,0.815,/home/calua/number_plate/data/ocr/train/real_3f256f2a5847.jpg
train,1,CG04HC4887,CG04HC4887,0,True,0.785,/home/calua/number_plate/data/ocr/train/real_ea0f59a1afda.jpg
train,1,AP16DP7065,AP16DP7065,0,True,0.897,/home/calua/number_plate/data/ocr/train/real_bed3b0a999e6.jpg
train,1,AR01E1034,AR01E1034,0,True,0.789,/home/calua/number_plate/data/ocr/train/real_7a10cf2b1735.jpg
train,1,MH03BS7778,MH03BS7778,0,True,0.818,/home/calua/number_plate/data/ocr/train/real_188e3c6e9bc3.jpg
train,1,TR03H0259,TR03H0259,0,True,0.884,/home/calua/number_plate/data/ocr/train/real_6ad962492606.jpg
train,1,MH06AW8929,MH06AW8929,0,True,0.878,/home/calua/number_plate/data/ocr/train/real_d1a24d5e3d76.jpg
train,1,HR56B2626,HR56B2626,0,True,0.839,/home/calua/number_plate/data/ocr/train/real_67f037b4cf02.jpg
train,1,PB10CK5005,PB10CK5005,0,True,0.842,/home/calua/number_plate/data/ocr/train/real_22518e2f6e8e.jpg
train,1,MH02DS9365,MH02DS9365,0,True,0.861,/home/calua/number_plate/data/ocr/train/real_a8fa26c0c871.jpg
train,1,MH02DS9365,MH02DS9365,0,True,0.843,/home/calua/number_plate/data/ocr/train/real_e94d1389afbd.jpg
train,1,HR26TC7303,HR26TC7303,0,True,0.777,/home/calua/number_plate/data/ocr/train/real_d61f5435c754.jpg
train,1,MH01AV8814,MH01AV8814,0,True,0.876,/home/calua/number_plate/data/ocr/train/real_c8a2fdd83f2c.jpg
train,1,MH4705851,MH4705851,0,True,0.821,/home/calua/number_plate/data/ocr/train/real_d89577d406fe.jpg
train,1,MH20BY3665,MH20BY3665,0,True,0.903,/home/calua/number_plate/data/ocr/train/real_e9a110c555df.jpg
train,1,MP04CL8840,MP04CL8840,0,True,0.761,/home/calua/number_plate/data/ocr/train/real_f983cd623245.jpg
train,1,MH03CS6266,MH03CS6266,0,True,0.821,/home/calua/number_plate/data/ocr/train/real_8adbd6e6df1f.jpg
train,1,HP64B3380,HP64B3380,0,True,0.864,/home/calua/number_plate/data/ocr/train/real_715d1b290b8a.jpg
train,1,UP16U3849,UP16U3849,0,True,0.86,/home/calua/number_plate/data/ocr/train/real_864065bcc0c2.jpg
train,1,PY01AP0555,PY01AP0555,0,True,0.898,/home/calua/number_plate/data/ocr/train/real_5fa0f11fcdf7.jpg
train,1,AP31EF1155,AP31EF1155,0,True,0.901,/home/calua/number_plate/data/ocr/train/real_c9d0b87151be.jpg
train,1,CG10S0650,CG10S0650,0,True,0.855,/home/calua/number_plate/data/ocr/train/real_edbf0819ea81.jpg
train,1,GJ01KC9959,GJ01KC9959,0,True,0.877,/home/calua/number_plate/data/ocr/train/real_6f45c275d49b.jpg
train,1,MH02DW8021,MH02DW8021,0,True,0.847,/home/calua/number_plate/data/ocr/train/real_5dc725b909d8.jpg
train,1,MH02EK0837,MH02EK0837,0,True,0.893,/home/calua/number_plate/data/ocr/train/real_9c524ba46078.jpg
train,1,GA07K7150,GA07K7150,0,True,0.803,/home/calua/number_plate/data/ocr/train/real_5db4ef695a4b.jpg
train,1,GJ15CB3980,GJ15CB3980,0,True,0.86,/home/calua/number_plate/data/ocr/train/real_5c59a177f26c.jpg
train,1,MH46AD5258,MH46AD5258,0,True,0.916,/home/calua/number_plate/data/ocr/train/real_b0ebb381582c.jpg
train,1,AP16CH9545,AP16CH9545,0,True,0.841,/home/calua/number_plate/data/ocr/train/real_38be521d1c59.jpg
train,1,MH02BG9542,MH02BG9542,0,True,0.9,/home/calua/number_plate/data/ocr/train/real_ddf9b898596c.jpg
train,1,HR26DA0471,HR26DA0471,0,True,0.882,/home/calua/number_plate/data/ocr/train/real_eefe7326ff26.jpg
train,1,MH03CS6266,MH03CS6266,0,True,0.822,/home/calua/number_plate/data/ocr/train/real_7b22f189c0ab.jpg
train,1,MH02DW8021,MH02DW8021,0,True,0.777,/home/calua/number_plate/data/ocr/train/real_35fdc320617d.jpg
train,1,MH20EE7598,MH20EE7598,0,True,0.795,/home/calua/number_plate/data/ocr/train/real_e62320bb1b96.jpg
train,1,GJ05RE8119,GJ05RE8119,0,True,0.855,/home/calua/number_plate/data/ocr/train/real_009d87b26a67.jpg
train,1,PB08CX2959,PB08CX2959,0,True,0.704,/home/calua/number_plate/data/ocr/train/real_54d0acc1612a.jpg
train,1,OD02C2836,OD02C2836,0,True,0.852,/home/calua/number_plate/data/ocr/train/real_0b344a3d33a8.jpg
train,1,MH02DS9365,MH02DS9365,0,True,0.857,/home/calua/number_plate/data/ocr/train/real_40d5ae49d81e.jpg
train,1,MH03BS4060,MH03BS4060,0,True,0.882,/home/calua/number_plate/data/ocr/train/real_02ba7252e083.jpg
train,1,MH01JA8939,MH01JA8939,0,True,0.817,/home/calua/number_plate/data/ocr/train/real_dcee42a7838b.jpg
train,1,HR26CT6702,HR26CT6702,0,True,0.62,/home/calua/number_plate/data/ocr/train/real_c3886f9c4ba5.jpg
train,1,MH05DS8679,MH05DS8679,0,True,0.857,/home/calua/number_plate/data/ocr/train/real_0efea1cb50fc.jpg
train,1,MH47Y1124,MH47Y1124,0,True,0.698,/home/calua/number_plate/data/ocr/train/real_ead8f1244a43.jpg
train,1,KL01CA2555,KL01CA2555,0,True,0.771,/home/calua/number_plate/data/ocr/train/real_d047091bbf80.jpg
train,1,TN07BU5427,TN07BU5427,0,True,0.807,/home/calua/number_plate/data/ocr/train/real_55683d754017.jpg
train,1,MH03CS6266,MH03CS6266,0,True,0.866,/home/calua/number_plate/data/ocr/train/real_49f087697d2a.jpg
train,1,HR51AQ0911,HR51AQ0911,0,True,0.798,/home/calua/number_plate/data/ocr/train/real_a26d8d2f4bc0.jpg
train,1,MH47Y1124,MH47Y1124,0,True,0.729,/home/calua/number_plate/data/ocr/train/real_a9ab496e2bc8.jpg
train,1,GJ01HM5887,GJ01HM5887,0,True,0.799,/home/calua/number_plate/data/ocr/train/real_a04d8e1ccc3e.jpg
train,1,AS01BS4362,AS01BS4362,0,True,0.871,/home/calua/number_plate/data/ocr/train/real_d2f59e59af9a.jpg
train,1,MH47Y1124,MH47Y1124,0,True,0.625,/home/calua/number_plate/data/ocr/train/real_aa55bf8d2bab.jpg
train,1,HR26CE1485,HR26CE1485,0,True,0.856,/home/calua/number_plate/data/ocr/train/real_0263656f9c14.jpg
train,1,AS23H0770,AS23H0770,0,True,0.805,/home/calua/number_plate/data/ocr/train/real_6d327078803a.jpg
train,1,OD33L2616,OD33L2616,0,True,0.826,/home/calua/number_plate/data/ocr/train/real_7a8db6e45bc5.jpg
train,1,MH02BQ9628,MH02BQ9628,0,True,0.923,/home/calua/number_plate/data/ocr/train/real_7933650c1a3e.jpg
train,1,WB02X8795,WB02X8795,0,True,0.814,/home/calua/number_plate/data/ocr/train/real_0a6157adbc82.jpg
train,1,RJ27TC0530,RJ27TC0530,0,True,0.806,/home/calua/number_plate/data/ocr/train/real_1c6b3109701e.jpg
train,1,MH01BG7161,MH01BG7161,0,True,0.905,/home/calua/number_plate/data/ocr/train/real_f0ff5855993e.jpg
train,1,RJ27TC0530,RJ27TC0530,0,True,0.776,/home/calua/number_plate/data/ocr/train/real_f3704b19fcdc.jpg
train,1,MH02MA5324,MH02MA5324,0,True,0.895,/home/calua/number_plate/data/ocr/train/real_bfcf3615d689.jpg
train,1,PY01BU2406,PY01BU2406,0,True,0.889,/home/calua/number_plate/data/ocr/train/real_a1e2b929bb08.jpg
train,1,HR26CC7676,HR26CC7676,0,True,0.849,/home/calua/number_plate/data/ocr/train/real_db4187edb2a8.jpg
train,1,GA05B5077,GA05B5077,0,True,0.866,/home/calua/number_plate/data/ocr/train/real_f3a159f66d74.jpg
train,1,MH03CS6266,MH03CS6266,0,True,0.834,/home/calua/number_plate/data/ocr/train/real_2c34c1dc45bd.jpg
train,1,DL9CAE1359,DL9CAE1359,0,True,0.815,/home/calua/number_plate/data/ocr/train/real_e0a45b74d31f.jpg
train,1,MH02CB4545,MH02CB4545,0,True,0.659,/home/calua/number_plate/data/ocr/train/real_1652f0705553.jpg
train,1,KA05MF1762,KA05MF1762,0,True,0.858,/home/calua/number_plate/data/ocr/train/real_72dbaed22b02.jpg
train,1,DL6CM6683,DL6CM6683,0,True,0.851,/home/calua/number_plate/data/ocr/train/real_ebc53a08496b.jpg
train,1,MH01BG7161,MH01BG7161,0,True,0.804,/home/calua/number_plate/data/ocr/train/real_5d0840b1cfcd.jpg
train,1,KL10AV6342,KL10AV6342,0,True,0.606,/home/calua/number_plate/data/ocr/train/real_8dbadef6f00a.jpg
train,1,DL6CM6683,DL6CM6683,0,True,0.861,/home/calua/number_plate/data/ocr/train/real_1a0903d0e482.jpg
train,1,JH02AD2533,JH02AD2533,0,True,0.716,/home/calua/number_plate/data/ocr/train/real_39d073f325a3.jpg
train,1,SK01PA5349,SK01PA5349,0,True,0.833,/home/calua/number_plate/data/ocr/train/real_c3a9760c8ab9.jpg
train,1,GJ01RN4259,GJ01RN4259,0,True,0.831,/home/calua/number_plate/data/ocr/train/real_5ffbd1219f55.jpg
train,1,KL13AA6340,KL13AA6340,0,True,0.844,/home/calua/number_plate/data/ocr/train/real_17ba74e80aae.jpg
train,1,MH01BU5207,MH01BU5207,0,True,0.74,/home/calua/number_plate/data/ocr/train/real_55e16e6ffff0.jpg
train,1,MH03BS4060,MH03BS4060,0,True,0.764,/home/calua/number_plate/data/ocr/train/real_d1a6fd15bb49.jpg
train,1,UK185763,UK185763,0,True,0.818,/home/calua/number_plate/data/ocr/train/real_c97af2cdf45f.jpg
train,1,MH03BS7778,MH03BS7778,0,True,0.797,/home/calua/number_plate/data/ocr/train/real_591ac7e546fc.jpg
train,1,MH47Y1124,MH47Y1124,0,True,0.748,/home/calua/number_plate/data/ocr/train/real_26c2e96aa9df.jpg
train,1,MH03CS6266,MH03CS6266,0,True,0.919,/home/calua/number_plate/data/ocr/train/real_2cfa4fee86a7.jpg
train,1,MH03CS6266,MH03CS6266,0,True,0.837,/home/calua/number_plate/data/ocr/train/real_5104c46ded4a.jpg
train,1,MH03CP1328,MH03CP1328,0,True,0.73,/home/calua/number_plate/data/ocr/train/real_12ce70b6f678.jpg
train,1,MH14DX9937,MH14DX9937,0,True,0.893,/home/calua/number_plate/data/ocr/train/real_7aabe4dcc3fe.jpg
train,1,MH47Y1124,MH47Y1124,0,True,0.62,/home/calua/number_plate/data/ocr/train/real_e9f6ec962a2b.jpg
train,1,TN21AT0492,TN21AT0492,0,True,0.853,/home/calua/number_plate/data/ocr/train/real_06ad48e1c451.jpg
train,1,MH03CS6266,MH03CS6266,0,True,0.867,/home/calua/number_plate/data/ocr/train/real_4aab3be6b33d.jpg
train,1,MH02DN8718,MH02DN8718,0,True,0.891,/home/calua/number_plate/data/ocr/train/real_495a88251752.jpg
train,1,MP07CA5563,MP07CA5563,0,True,0.888,/home/calua/number_plate/data/ocr/train/real_e12b88c03271.jpg
train,1,MH21V9926,MH21V9926,0,True,0.848,/home/calua/number_plate/data/ocr/train/real_24221c38002a.jpg
train,1,MH04JM3383,MH04JM3383,0,True,0.774,/home/calua/number_plate/data/ocr/train/real_1c4284354b66.jpg
train,1,RJ27TC0530,RJ27TC0530,0,True,0.904,/home/calua/number_plate/data/ocr/train/real_a9c4895f4981.jpg
train,1,MH47Y1124,MH47Y1124,0,True,0.702,/home/calua/number_plate/data/ocr/train/real_fff6084330a8.jpg
train,1,HR26U7501,HR26U7501,0,True,0.808,/home/calua/number_plate/data/ocr/train/real_29aea7242895.jpg
train,1,MH06AZ3571,MH06AZ3571,0,True,0.534,/home/calua/number_plate/data/ocr/train/real_39488d2a2614.jpg
train,1,AP28N3107,AP28N3107,0,True,0.855,/home/calua/number_plate/data/ocr/train/real_95140cf87558.jpg
train,1,GJ05JH2501,GJ05JH2501,0,True,0.905,/home/calua/number_plate/data/ocr/train/real_1c0fcf9776e2.jpg
train,1,MH03BS4060,MH03BS4060,0,True,0.805,/home/calua/number_plate/data/ocr/train/real_b567642cc99b.jpg
train,1,GJ05JD9759,GJ05JD9759,0,True,0.834,/home/calua/number_plate/data/ocr/train/real_c7aff52a7096.jpg
train,1,MH01BU5207,MH01BU5207,0,True,0.792,/home/calua/number_plate/data/ocr/train/real_56f28b6a293f.jpg
train,1,HR26TC7099,HR26TC7099,0,True,0.863,/home/calua/number_plate/data/ocr/train/real_481847815597.jpg
train,1,MH02EE8407,MH02EE8407,0,True,0.878,/home/calua/number_plate/data/ocr/train/real_712dc10c8d76.jpg
train,1,MH47N4570,MH47N4570,0,True,0.538,/home/calua/number_plate/data/ocr/train/real_ffe617a5d6ea.jpg
train,1,MH02BQ9628,MH02BQ9628,0,True,0.899,/home/calua/number_plate/data/ocr/train/real_ee17b104659c.jpg
train,1,MH03BS4060,MH03BS4060,0,True,0.871,/home/calua/number_plate/data/ocr/train/real_617dfcd1bf48.jpg
train,1,AR048395,AR048395,0,True,0.842,/home/calua/number_plate/data/ocr/train/real_f39f813be13a.jpg
train,1,MH05DS8679,MH05DS8679,0,True,0.889,/home/calua/number_plate/data/ocr/train/real_8b84cd152749.jpg
train,1,MH47Y1124,MH47Y1124,0,True,0.632,/home/calua/number_plate/data/ocr/train/real_fbea5c873534.jpg
train,1,MH12NJ5838,MH12NJ5838,0,True,0.774,/home/calua/number_plate/data/ocr/train/real_ad37506901bc.jpg
train,1,PB37A8269,PB37A8269,0,True,0.888,/home/calua/number_plate/data/ocr/train/real_e2a582a1e705.jpg
train,1,GJ05JH2501,GJ05JH2501,0,True,0.902,/home/calua/number_plate/data/ocr/train/real_86ea5cc39fd3.jpg
train,1,HR10AE9885,HR10AE9885,0,True,0.906,/home/calua/number_plate/data/ocr/train/real_81f0e1892c0f.jpg
train,1,JK09B7745,JK09B7745,0,True,0.8,/home/calua/number_plate/data/ocr/train/real_bca00c8953f7.jpg
train,1,MH20BN3525,MH20BN3525,0,True,0.826,/home/calua/number_plate/data/ocr/train/real_3c4f53bd336c.jpg
train,1,GJ18BK6705,GJ18BK6705,0,True,0.752,/home/calua/number_plate/data/ocr/train/real_66e7e1176a89.jpg
train,1,KA03NA8385,KA03NA8385,0,True,0.884,/home/calua/number_plate/data/ocr/train/real_40d2ebe1751f.jpg
train,1,SK01PA7708,SK01PA7708,0,True,0.879,/home/calua/number_plate/data/ocr/train/real_24a74ab962a6.jpg
train,1,OD02L4656,OD02L4656,0,True,0.842,/home/calua/number_plate/data/ocr/train/real_c4081c916ae3.jpg
train,1,MH47N2829,MH47N2829,0,True,0.638,/home/calua/number_plate/data/ocr/train/real_f782645ef645.jpg
train,1,RJ14CF5807,RJ14CF5807,0,True,0.88,/home/calua/number_plate/data/ocr/train/real_24b25ff5f8c7.jpg
train,1,HR26BU0375,HR26BU0375,0,True,0.887,/home/calua/number_plate/data/ocr/train/real_1f2f4b4bba92.jpg
train,1,MH12FU1014,MH12FU1014,0,True,0.836,/home/calua/number_plate/data/ocr/train/real_532e7b31f991.jpg
train,1,UP80FA1666,UP80FA1666,0,True,0.836,/home/calua/number_plate/data/ocr/train/real_2709e3f595fb.jpg
train,1,CH01AN0001,CH01AN0001,0,True,0.889,/home/calua/number_plate/data/ocr/train/real_11eb1f4e8054.jpg
train,1,JK02BJ7997,JK02BJ7997,0,True,0.857,/home/calua/number_plate/data/ocr/train/real_7bc952f0119b.jpg
train,1,KL43D4444,KL43D4444,0,True,0.857,/home/calua/number_plate/data/ocr/train/real_0885c21d65dd.jpg
train,1,AS23G2612,AS23G2612,0,True,0.883,/home/calua/number_plate/data/ocr/train/real_46cf4e84fc3b.jpg
train,1,UP32KW7325,UP32KW7325,0,True,0.863,/home/calua/number_plate/data/ocr/train/real_4b5df754fb26.jpg
train,1,MH12KN8366,MH12KN8366,0,True,0.903,/home/calua/number_plate/data/ocr/train/real_7196cf978730.jpg
train,1,UK07BK5014,UK07BK5014,0,True,0.812,/home/calua/number_plate/data/ocr/train/real_447d4e59d83e.jpg
train,1,PB08C03690,PB08C03690,0,True,0.836,/home/calua/number_plate/data/ocr/train/real_be141fe25c2c.jpg
train,1,MH03BS4060,MH03BS4060,0,True,0.698,/home/calua/number_plate/data/ocr/train/real_a391594d3d82.jpg
train,1,MH36H5700,MH36H5700,0,True,0.794,/home/calua/number_plate/data/ocr/train/real_dfd24786017a.jpg
train,1,KA031351,KA031351,0,True,0.761,/home/calua/number_plate/data/ocr/train/real_8f70a025dfcd.jpg
train,1,KA04MK0368,KA04MK0368,0,True,0.835,/home/calua/number_plate/data/ocr/train/real_18bc80012b57.jpg
train,1,MH06AW8929,MH06AW8929,0,True,0.868,/home/calua/number_plate/data/ocr/train/real_b2acf938f14a.jpg
train,1,HR20X8432,HR20X8432,0,True,0.85,/home/calua/number_plate/data/ocr/train/real_c8033e49eeaa.jpg
train,1,MH02BQ9628,MH02BQ9628,0,True,0.894,/home/calua/number_plate/data/ocr/train/real_c6f453ceee7e.jpg
train,1,MP65C0654,MP65C0654,0,True,0.893,/home/calua/number_plate/data/ocr/train/real_f105c0cfb9a8.jpg
train,1,MH05DS8679,MH05DS8679,0,True,0.864,/home/calua/number_plate/data/ocr/train/real_88dd3452c7a7.jpg
train,1,KL01CC50,KL01CC50,0,True,0.543,/home/calua/number_plate/data/ocr/train/real_62be91e1cd59.jpg
train,1,WB06F9209,WB06F9209,0,True,0.787,/home/calua/number_plate/data/ocr/train/real_33b2ba600016.jpg
train,1,MH02EU4884,MH02EU4884,0,True,0.817,/home/calua/number_plate/data/ocr/train/real_38cba96f9529.jpg
train,1,JK11D8143,JK11D8143,0,True,0.869,/home/calua/number_plate/data/ocr/train/real_922ef333268f.jpg
train,1,MH02DN8718,MH02DN8718,0,True,0.851,/home/calua/number_plate/data/ocr/train/real_f238e3a59da0.jpg
train,1,MH02BG9542,MH02BG9542,0,True,0.657,/home/calua/number_plate/data/ocr/train/real_8ffe38c47533.jpg
train,1,MH03BS4060,MH03BS4060,0,True,0.835,/home/calua/number_plate/data/ocr/train/real_5058907a2c3c.jpg
train,1,AS01AM1419,AS01AM1419,0,True,0.881,/home/calua/number_plate/data/ocr/train/real_8bf39b2d4f59.jpg
train,1,MH02EK4399,MH02EK4399,0,True,0.831,/home/calua/number_plate/data/ocr/train/real_757c82dc99c9.jpg
train,1,UP32EC5577,UP32EC5577,0,True,0.894,/home/calua/number_plate/data/ocr/train/real_d7dac9e9be38.jpg
train,1,MH02EK0837,MH02EK0837,0,True,0.899,/home/calua/number_plate/data/ocr/train/real_2689c3c64d20.jpg
train,1,RJ27TC0530,RJ27TC0530,0,True,0.805,/home/calua/number_plate/data/ocr/train/real_279e5c75c7f4.jpg
train,1,HR26BQ8176,HR26BQ8176,0,True,0.853,/home/calua/number_plate/data/ocr/train/real_91df0d1667e8.jpg
train,1,HR26BK8597,HR26BK8597,0,True,0.897,/home/calua/number_plate/data/ocr/train/real_edb46c91ff0b.jpg
train,1,WB06F9209,WB06F9209,0,True,0.626,/home/calua/number_plate/data/ocr/train/real_70d4a6336ab7.jpg
train,1,TN37CR4019,TN37CR4019,0,True,0.867,/home/calua/number_plate/data/ocr/train/real_17f00f034143.jpg
train,1,UK06CB4595,UK06CB4595,0,True,0.878,/home/calua/number_plate/data/ocr/train/real_521b04f68bc1.jpg
train,1,HP23A6365,HP23A6365,0,True,0.772,/home/calua/number_plate/data/ocr/train/real_428953d7b558.jpg
train,1,DL12CN8660,DL12CN8660,0,True,0.9,/home/calua/number_plate/data/ocr/train/real_a26a72de71a9.jpg
train,1,TN07BT5778,TN07BT5778,0,True,0.839,/home/calua/number_plate/data/ocr/train/real_ce699dc8a109.jpg
train,1,GJ16CH9827,GJ16CH9827,0,True,0.864,/home/calua/number_plate/data/ocr/train/real_0c04c81f35fd.jpg
train,1,DL1CS8739,DL1CS8739,0,True,0.86,/home/calua/number_plate/data/ocr/train/real_025a9a567b1b.jpg
train,1,KL10AW2111,KL10AW2111,0,True,0.882,/home/calua/number_plate/data/ocr/train/real_eeefdc004521.jpg
train,1,PB02DY7380,PB02DY7380,0,True,0.864,/home/calua/number_plate/data/ocr/train/real_8ce195e8df4f.jpg
train,1,AP31BG7827,AP31BG7827,0,True,0.819,/home/calua/number_plate/data/ocr/train/real_1fa6961cd858.jpg
train,1,TS08EZ9463,TS08EZ9463,0,True,0.871,/home/calua/number_plate/data/ocr/train/real_a7c15f84617a.jpg
train,1,RJ23CB2272,RJ23CB2272,0,True,0.888,/home/calua/number_plate/data/ocr/train/real_c34c398ffc14.jpg
train,1,MH20EE7598,MH20EE7598,0,True,0.905,/home/calua/number_plate/data/ocr/train/real_734ca5b1392d.jpg
train,1,HR26BA8008,HR26BA8008,0,True,0.841,/home/calua/number_plate/data/ocr/train/real_e39fcdd76934.jpg
train,1,JH01DB1881,JH01DB1881,0,True,0.854,/home/calua/number_plate/data/ocr/train/real_3a08311ed866.jpg
train,1,KL07CB8599,KL07CB8599,0,True,0.849,/home/calua/number_plate/data/ocr/train/real_e008ec0b3ed8.jpg
train,1,MH47Y1124,MH47Y1124,0,True,0.705,/home/calua/number_plate/data/ocr/train/real_efb13bb41233.jpg
train,1,MH12HF5057,MH12HF5057,0,True,0.857,/home/calua/number_plate/data/ocr/train/real_0b18c438b2f3.jpg
train,1,MH01AV7461,MH01AV7461,0,True,0.809,/home/calua/number_plate/data/ocr/train/real_33114cb19aac.jpg
train,1,MH20CS1938,MH20CS1938,0,True,0.805,/home/calua/number_plate/data/ocr/train/real_ea5323221d7f.jpg
train,1,DL10CH1252,DL10CH1252,0,True,0.821,/home/calua/number_plate/data/ocr/train/real_385008fd02e3.jpg
train,1,MH47N2829,MH47N2829,0,True,0.862,/home/calua/number_plate/data/ocr/train/real_26432304e413.jpg
train,1,KA03MX5058,KA03MX5058,0,True,0.745,/home/calua/number_plate/data/ocr/train/real_fa62281c287e.jpg
train,1,MH47N4570,MH47N4570,0,True,0.888,/home/calua/number_plate/data/ocr/train/real_55342f4cdc8b.jpg
train,1,UP11AY0646,UP11AY0646,0,True,0.877,/home/calua/number_plate/data/ocr/train/real_646fbc9a6af2.jpg
train,1,DL12C3536,DL12C3536,0,True,0.842,/home/calua/number_plate/data/ocr/train/real_f332d58e3b65.jpg
train,1,MH02BQ9628,MH02BQ9628,0,True,0.874,/home/calua/number_plate/data/ocr/train/real_db6d96f230e7.jpg
train,1,CH03K7672,CH03K7672,0,True,0.878,/home/calua/number_plate/data/ocr/train/real_9c9ccd6b6404.jpg
train,1,MH02DQ0196,MH02DQ0196,0,True,0.824,/home/calua/number_plate/data/ocr/train/real_794c0892fd7b.jpg
train,1,TS13EK6213,TS13EK6213,0,True,0.859,/home/calua/number_plate/data/ocr/train/real_c76a86187448.jpg
train,1,KL53E964,KL53E964,0,True,0.558,/home/calua/number_plate/data/ocr/train/real_4b14b774340f.jpg
train,1,RJ27TC0530,RJ27TC0530,0,True,0.898,/home/calua/number_plate/data/ocr/train/real_0e33a67e8c3b.jpg
train,1,MH01AV7461,MH01AV7461,0,True,0.834,/home/calua/number_plate/data/ocr/train/real_277c59a8d809.jpg
train,1,MH47Y1124,MH47Y1124,0,True,0.798,/home/calua/number_plate/data/ocr/train/real_8cafb9bd2ba2.jpg
train,1,AS04X2780,AS04X2780,0,True,0.882,/home/calua/number_plate/data/ocr/train/real_556e349a89e2.jpg
train,1,MH14TCE4,MH14TCE4,0,True,0.796,/home/calua/number_plate/data/ocr/train/real_1ef4fd2266c7.jpg
train,1,KA51MJ2143,KA51MJ2143,0,True,0.889,/home/calua/number_plate/data/ocr/train/real_b5f56d7be141.jpg
train,1,UK07AM5665,UK07AM5665,0,True,0.898,/home/calua/number_plate/data/ocr/train/real_05a3cea1b64c.jpg
val,1,GA08M0184,GA08M0184,0,True,0.82,/home/calua/number_plate/data/ocr/val/real_b699cc6444c6.jpg
val,1,UP85BN4203,UP85BN4203,0,True,0.873,/home/calua/number_plate/data/ocr/val/real_3e3198df9ea9.jpg
val,1,CH01AP4538,CH01AP4538,0,True,0.872,/home/calua/number_plate/data/ocr/val/real_9ef024fe8033.jpg
val,1,CH01AB4559,CH01AB4559,0,True,0.758,/home/calua/number_plate/data/ocr/val/real_e30270316b06.jpg
val,1,KA03MQ6984,KA03MQ6984,0,True,0.856,/home/calua/number_plate/data/ocr/val/real_2aa9911b4233.jpg
val,1,JK02W2657,JK02W2657,0,True,0.845,/home/calua/number_plate/data/ocr/val/real_fc2e42a5d31f.jpg
val,1,DL6CJ8404,DL6CJ8404,0,True,0.783,/home/calua/number_plate/data/ocr/val/real_d159dd378949.jpg
val,1,MH48AC6244,MH48AC6244,0,True,0.802,/home/calua/number_plate/data/ocr/val/real_7388c2cef38b.jpg
val,1,KL60N5344,KL60N5344,0,True,0.658,/home/calua/number_plate/data/ocr/val/real_adb7d879a6e3.jpg
val,1,ML05K9494,ML05K9494,0,True,0.783,/home/calua/number_plate/data/ocr/val/real_687a04301bc7.jpg
val,1,TN21AT0480,TN21AT0480,0,True,0.649,/home/calua/number_plate/data/ocr/val/real_e617bc5706a5.jpg
val,1,DL8CN6308,DL8CN6308,0,True,0.874,/home/calua/number_plate/data/ocr/val/real_9cafa29e0d2c.jpg
val,1,JK02AS3888,JK02AS3888,0,True,0.893,/home/calua/number_plate/data/ocr/val/real_a79875f90bc6.jpg
val,1,MH03AR7140,MH03AR7140,0,True,0.838,/home/calua/number_plate/data/ocr/val/real_f08044eb70d3.jpg
val,1,DL8CN6308,DL8CN6308,0,True,0.912,/home/calua/number_plate/data/ocr/val/real_c9548cdbc8dc.jpg
val,1,JH04C7104,JH04C7104,0,True,0.814,/home/calua/number_plate/data/ocr/val/real_66b0996211de.jpg
val,1,GJ06KP8508,GJ06KP8508,0,True,0.896,/home/calua/number_plate/data/ocr/val/real_073150ea6dfa.jpg
val,1,DL9CAP8884,DL9CAP8884,0,True,0.841,/home/calua/number_plate/data/ocr/val/real_b104012caaf5.jpg
val,1,HR26BY4812,HR26BY4812,0,True,0.84,/home/calua/number_plate/data/ocr/val/real_42063ec24a4e.jpg
val,1,KL10AW2814,KL10AW2814,0,True,0.574,/home/calua/number_plate/data/ocr/val/real_a4f9a78ce116.jpg
val,1,MH14EP4660,MH14EP4660,0,True,0.903,/home/calua/number_plate/data/ocr/val/real_f6de0b398b34.jpg
val,1,MH20CS1941,MH20CS1941,0,True,0.898,/home/calua/number_plate/data/ocr/val/real_8358332774ca.jpg
val,1,KL60N5344,KL60N5344,0,True,0.649,/home/calua/number_plate/data/ocr/val/real_ec3f1c68ce67.jpg
val,1,RJ02CC0784,RJ02CC0784,0,True,0.899,/home/calua/number_plate/data/ocr/val/real_d897cdd9ffac.jpg
val,1,RJ02CC0784,RJ02CC0784,0,True,0.9,/home/calua/number_plate/data/ocr/val/real_2488de7695c9.jpg
val,1,MH01AV8866,MH01AV8866,0,True,0.845,/home/calua/number_plate/data/ocr/val/real_82176f8ae221.jpg
val,1,AR01C5723,AR01C5723,0,True,0.873,/home/calua/number_plate/data/ocr/val/real_2bb99f89d06a.jpg
val,1,AP31TV7236,AP31TV7236,0,True,0.838,/home/calua/number_plate/data/ocr/val/real_bd41bfd0347b.jpg
val,1,MH48AW0091,MH48AW0091,0,True,0.823,/home/calua/number_plate/data/ocr/val/real_7a9ba2c97c84.jpg
val,1,CG22H7740,CG22H7740,0,True,0.861,/home/calua/number_plate/data/ocr/val/real_c5cc9cdbb123.jpg
val,1,KL60N5344,KL60N5344,0,True,0.657,/home/calua/number_plate/data/ocr/val/real_c4de696fa884.jpg
val,1,HR26CB1900,HR26CB1900,0,True,0.856,/home/calua/number_plate/data/ocr/val/real_0a624e148dad.jpg
val,1,AP31BL2833,AP31BL2833,0,True,0.81,/home/calua/number_plate/data/ocr/val/real_53fd4ca6bd1c.jpg
val,1,AP07AD5555,AP07AD5555,0,True,0.896,/home/calua/number_plate/data/ocr/val/real_52da190df996.jpg
val,1,DL1CT2782,DL1CT2782,0,True,0.841,/home/calua/number_plate/data/ocr/val/real_b898b039f332.jpg
val,1,TN28BA9999,TN28BA9999,0,True,0.893,/home/calua/number_plate/data/ocr/val/real_5a3667d5cdc3.jpg
val,1,MH14TC947,MH14TC947,0,True,0.883,/home/calua/number_plate/data/ocr/val/real_ade93db4f8d5.jpg
val,1,DL11CA4900,DL11CA4900,0,True,0.87,/home/calua/number_plate/data/ocr/val/real_170aa3759ac3.jpg
val,1,PY01AW2814,PY01AW2814,0,True,0.78,/home/calua/number_plate/data/ocr/val/real_fe1350f1ad96.jpg
val,1,TN19F0816,TN19F0816,0,True,0.845,/home/calua/number_plate/data/ocr/val/real_7a8678d70d04.jpg
val,1,GA03Y9512,GA03Y9512,0,True,0.887,/home/calua/number_plate/data/ocr/val/real_a4896287ed3b.jpg
val,1,HR26CK8571,HR26CK8571,0,True,0.862,/home/calua/number_plate/data/ocr/val/real_2cdf63358902.jpg
val,1,PB10DV5354,PB10DV5354,0,True,0.842,/home/calua/number_plate/data/ocr/val/real_e06534594a6e.jpg
val,1,TS09EZ9293,TS09EZ9293,0,True,0.839,/home/calua/number_plate/data/ocr/val/real_85d4b81a0dc9.jpg
val,1,UP32CX3400,UP32CX3400,0,True,0.875,/home/calua/number_plate/data/ocr/val/real_d55b451f943d.jpg
val,1,KA25P5080,KA25P5080,0,True,0.86,/home/calua/number_plate/data/ocr/val/real_c042495fe887.jpg
val,1,AS07AC6653,AS07AC6653,0,True,0.883,/home/calua/number_plate/data/ocr/val/real_2694d35fcfe4.jpg
val,1,UP52AH9705,UP52AH9705,0,True,0.905,/home/calua/number_plate/data/ocr/val/real_5418cbb1b1ad.jpg
val,1,MH02WA8344,MH02WA8344,0,True,0.889,/home/calua/number_plate/data/ocr/val/real_3dd2640727d7.jpg
val,1,GA01R6315,GA01R6315,0,True,0.845,/home/calua/number_plate/data/ocr/val/real_936655d8cf65.jpg
val,1,WB06J9177,WB06J9177,0,True,0.675,/home/calua/number_plate/data/ocr/val/real_eb3a5e3f75f2.jpg
val,1,OR21E1033,OR21E1033,0,True,0.836,/home/calua/number_plate/data/ocr/val/real_1807b02cdc68.jpg
val,1,MH12GR862,MH12GR862,0,True,0.906,/home/calua/number_plate/data/ocr/val/real_3731b0298587.jpg
val,1,MH46BF2342,MH46BF2342,0,True,0.906,/home/calua/number_plate/data/ocr/val/real_a19a1b8e102e.jpg
val,1,KL60N5344,KL60N5344,0,True,0.565,/home/calua/number_plate/data/ocr/val/real_43ac0c89e0b1.jpg
val,1,MH01DT1917,MH01DT1917,0,True,0.862,/home/calua/number_plate/data/ocr/val/real_b23c8f51df7a.jpg
val,1,MH02DN6980,MH02DN6980,0,True,0.635,/home/calua/number_plate/data/ocr/val/real_dbb02b7dd89e.jpg
val,1,SK01T3835,SK01T3835,0,True,0.76,/home/calua/number_plate/data/ocr/val/real_d7ba654d006c.jpg
val,1,MH14EH7958,MH14EH7958,0,True,0.688,/home/calua/number_plate/data/ocr/val/real_6760408c8fb0.jpg
val,1,MH14EP4660,MH14EP4660,0,True,0.848,/home/calua/number_plate/data/ocr/val/real_57f056562eb0.jpg
val,1,GJ7AG4373,GJ7AG4373,0,True,0.897,/home/calua/number_plate/data/ocr/val/real_a3bd4203cce5.jpg
val,1,JK1182360,JK1182360,0,True,0.878,/home/calua/number_plate/data/ocr/val/real_da98ea161b8f.jpg
val,1,DL8CN6308,DL8CN6308,0,True,0.918,/home/calua/number_plate/data/ocr/val/real_b7cf5b6ee3c0.jpg
val,1,RJ23CB4320,RJ23CB4320,0,True,0.868,/home/calua/number_plate/data/ocr/val/real_f5d43fb3344e.jpg
val,1,MH01AV8866,MH01AV8866,0,True,0.864,/home/calua/number_plate/data/ocr/val/real_2e24034eee7e.jpg
val,1,MH02EU4077,MH02EU4077,0,True,0.836,/home/calua/number_plate/data/ocr/val/real_79f0cced2637.jpg
val,1,MH01DT1917,MH01DT1917,0,True,0.868,/home/calua/number_plate/data/ocr/val/real_c9f6c7f30d2c.jpg
val,1,UK07BA7252,UK07BA7252,0,True,0.884,/home/calua/number_plate/data/ocr/val/real_89ebb2499865.jpg
val,1,TN19TC94,TN19TC94,0,True,0.876,/home/calua/number_plate/data/ocr/val/real_e2fc54932a9a.jpg
val,1,PY02S9326,PY02S9326,0,True,0.881,/home/calua/number_plate/data/ocr/val/real_1d98013620f2.jpg
val,1,TR01AS0609,TR01AS0609,0,True,0.836,/home/calua/number_plate/data/ocr/val/real_97132fc97990.jpg
val,1,MH05DK1018,MH05DK1018,0,True,0.798,/home/calua/number_plate/data/ocr/val/real_5e661f605b3e.jpg
val,1,KA03MQ6984,KA03MQ6984,0,True,0.788,/home/calua/number_plate/data/ocr/val/real_8b1f03d10e0d.jpg
val,1,KL10AW2814,KL10AW2814,0,True,0.629,/home/calua/number_plate/data/ocr/val/real_743a9aa61bce.jpg
val,1,TN52U1580,TN52U1580,0,True,0.881,/home/calua/number_plate/data/ocr/val/real_e778004e810c.jpg
val,1,KL10AW2814,KL10AW2814,0,True,0.661,/home/calua/number_plate/data/ocr/val/real_0c20191f035a.jpg
val,1,MH01CP2655,MH01CP2655,0,True,0.872,/home/calua/number_plate/data/ocr/val/real_52682a3710f5.jpg
val,1,HR26CK8571,HR26CK8571,0,True,0.845,/home/calua/number_plate/data/ocr/val/real_f22462df3c69.jpg
val,1,DN09J0032,DN09J0032,0,True,0.808,/home/calua/number_plate/data/ocr/val/real_ca15e3199fbe.jpg
val,1,MH12KY6921,MH12KY6921,0,True,0.848,/home/calua/number_plate/data/ocr/val/real_89e0a9dc5b85.jpg
val,1,HR26BP3543,HR26BP3543,0,True,0.771,/home/calua/number_plate/data/ocr/val/real_4aba46f331a0.jpg
val,1,GJ06PA0097,GJ06PA0097,0,True,0.903,/home/calua/number_plate/data/ocr/val/real_548172a5a272.jpg
val,1,DL8CN6308,DL8CN6308,0,True,0.888,/home/calua/number_plate/data/ocr/val/real_e6e4aeec4703.jpg
val,1,DL10CA0986,DL10CA0986,0,True,0.879,/home/calua/number_plate/data/ocr/val/real_9bfe1301e042.jpg
val,1,MH01DE2780,MH01DE2780,0,True,0.87,/home/calua/number_plate/data/ocr/val/real_921f32c47684.jpg
val,1,TR07D0569,TR07D0569,0,True,0.859,/home/calua/number_plate/data/ocr/val/real_b165102949ec.jpg
val,1,DL8CN6308,DL8CN6308,0,True,0.837,/home/calua/number_plate/data/ocr/val/real_d1acbe342f15.jpg
val,1,MH03AR7140,MH03AR7140,0,True,0.898,/home/calua/number_plate/data/ocr/val/real_f697f21bf096.jpg
val,1,TN07AP0659,TN07AP0659,0,True,0.795,/home/calua/number_plate/data/ocr/val/real_0084e49d42f1.jpg
val,1,AS01AL3746,AS01AL3746,0,True,0.843,/home/calua/number_plate/data/ocr/val/real_af7445ca0298.jpg
val,1,MH20CS1941,MH20CS1941,0,True,0.874,/home/calua/number_plate/data/ocr/val/real_fd5fa6766786.jpg
val,1,AS06U1295,AS06U1295,0,True,0.794,/home/calua/number_plate/data/ocr/val/real_5740cd8e9717.jpg
val,1,MH03AR7140,MH03AR7140,0,True,0.9,/home/calua/number_plate/data/ocr/val/real_f0aaa6d7a034.jpg
test,1,BR01BR5435,BR01BR5435,0,True,0.815,/home/calua/number_plate/data/ocr/test/real_2897aabaec51.jpg
test,1,MH20DJ0419,MH20DJ0419,0,True,0.891,/home/calua/number_plate/data/ocr/test/real_d17f5bd7c8db.jpg
test,1,ML05Q8790,ML05Q8790,0,True,0.884,/home/calua/number_plate/data/ocr/test/real_dda82e0a680c.jpg
test,1,MH04EX7505,MH04EX7505,0,True,0.814,/home/calua/number_plate/data/ocr/test/real_107f12629728.jpg
test,1,MH02BT6482,MH02BT6482,0,True,0.517,/home/calua/number_plate/data/ocr/test/real_3ba30bd731d0.jpg
test,1,HP12C3766,HP12C3766,0,True,0.889,/home/calua/number_plate/data/ocr/test/real_a053d8f1b1d2.jpg
test,1,MH02BT6482,MH02BT6482,0,True,0.764,/home/calua/number_plate/data/ocr/test/real_caefbb24f1ee.jpg
test,1,MH20CS4946,MH20CS4946,0,True,0.855,/home/calua/number_plate/data/ocr/test/real_94692aa9db42.jpg
test,1,MH02BT6482,MH02BT6482,0,True,0.795,/home/calua/number_plate/data/ocr/test/real_304eafd4225d.jpg
test,1,MH02BT6482,MH02BT6482,0,True,0.871,/home/calua/number_plate/data/ocr/test/real_8d894bd3f037.jpg
test,1,AP39DL3537,AP39DL3537,0,True,0.785,/home/calua/number_plate/data/ocr/test/real_8e860b9ed46f.jpg
test,1,KA19MF1763,KA19MF1763,0,True,0.876,/home/calua/number_plate/data/ocr/test/real_bf5e1be3deb3.jpg
test,1,SK02P1078,SK02P1078,0,True,0.857,/home/calua/number_plate/data/ocr/test/real_f4d78c2d944c.jpg
test,1,MH01CR7388,MH01CR7388,0,True,0.924,/home/calua/number_plate/data/ocr/test/real_8c65ed68a2ba.jpg
test,1,MH02AQ2299,MH02AQ2299,0,True,0.504,/home/calua/number_plate/data/ocr/test/real_8aca325f66ef.jpg
test,1,MH01DB1477,MH01DB1477,0,True,0.834,/home/calua/number_plate/data/ocr/test/real_c8c0f59ab371.jpg
test,1,GJ09AG8384,GJ09AG8384,0,True,0.898,/home/calua/number_plate/data/ocr/test/real_73fa8513e00a.jpg
test,1,TR02L0569,TR02L0569,0,True,0.848,/home/calua/number_plate/data/ocr/test/real_92cd7369b0a1.jpg
test,1,MH20EE7601,MH20EE7601,0,True,0.885,/home/calua/number_plate/data/ocr/test/real_d2b39f72b933.jpg
test,1,HR26DA2330,HR26DA2330,0,True,0.849,/home/calua/number_plate/data/ocr/test/real_04cbc40675c7.jpg
test,1,TR01X0482,TR01X0482,0,True,0.854,/home/calua/number_plate/data/ocr/test/real_c429be3055cf.jpg
test,1,MH20CS4946,MH20CS4946,0,True,0.901,/home/calua/number_plate/data/ocr/test/real_6e63a4ae964f.jpg
test,1,WB02AH4655,WB02AH4655,0,True,0.844,/home/calua/number_plate/data/ocr/test/real_0e199a965d39.jpg
test,1,MH20DJ0419,MH20DJ0419,0,True,0.885,/home/calua/number_plate/data/ocr/test/real_ef4030299194.jpg
test,1,TN07BV5200,TN07BV5200,0,True,0.858,/home/calua/number_plate/data/ocr/test/real_d656ebb11603.jpg
test,1,TN19Q0835,TN19Q0835,0,True,0.842,/home/calua/number_plate/data/ocr/test/real_015a7675003c.jpg
test,1,MH02BT6482,MH02BT6482,0,True,0.745,/home/calua/number_plate/data/ocr/test/real_033bf56ccf5d.jpg
test,1,MH12HN4507,MH12HN4507,0,True,0.897,/home/calua/number_plate/data/ocr/test/real_32c39b232674.jpg
test,1,KA38M8037,KA38M8037,0,True,0.871,/home/calua/number_plate/data/ocr/test/real_198119725d59.jpg
test,1,NL02C6709,NL02C6709,0,True,0.877,/home/calua/number_plate/data/ocr/test/real_5a8c35502393.jpg
test,1,HP34C8986,HP34C8986,0,True,0.698,/home/calua/number_plate/data/ocr/test/real_d9f00da7c18b.jpg
test,1,UP53AK1161,UP53AK1161,0,True,0.858,/home/calua/number_plate/data/ocr/test/real_7f5b318a3bbe.jpg
test,1,CG04FJ5834,CG04FJ5834,0,True,0.823,/home/calua/number_plate/data/ocr/test/real_3d9de48c0d53.jpg
test,1,HP719898,HP719898,0,True,0.879,/home/calua/number_plate/data/ocr/test/real_94a99c12fc68.jpg
test,1,MH04CT3566,MH04CT3566,0,True,0.885,/home/calua/number_plate/data/ocr/test/real_ef10cb5ed3d2.jpg
test,1,UP32FH2653,UP32FH2653,0,True,0.858,/home/calua/number_plate/data/ocr/test/real_8def7e539626.jpg
test,1,BR01PL7594,BR01PL7594,0,True,0.817,/home/calua/number_plate/data/ocr/test/real_0533a2e01c4e.jpg
test,1,MH02BT6482,MH02BT6482,0,True,0.537,/home/calua/number_plate/data/ocr/test/real_3db571a7444b.jpg
test,1,JK01AF7715,JK01AF7715,0,True,0.861,/home/calua/number_plate/data/ocr/test/real_7ed0886a99ce.jpg
test,1,TN07BV5200,TN07BV5200,0,True,0.841,/home/calua/number_plate/data/ocr/test/real_dedd5fd56d45.jpg
test,1,JH01AX5392,JH01AX5392,0,True,0.873,/home/calua/number_plate/data/ocr/test/real_d451f088767b.jpg
test,1,TN74AH1413,TN74AH1413,0,True,0.743,/home/calua/number_plate/data/ocr/test/real_0d2fe03b41d1.jpg
test,1,DUSTER,DUSTER,0,True,0.841,/home/calua/number_plate/data/ocr/test/real_059445a04f32.jpg
test,1,PB31R8123,PB31R8123,0,True,0.874,/home/calua/number_plate/data/ocr/test/real_f6b1ee0319c6.jpg
test,1,RJ14CW4115,RJ14CW4115,0,True,0.812,/home/calua/number_plate/data/ocr/test/real_23cc984df444.jpg
test,1,MH02BT6482,MH02BT6482,0,True,0.827,/home/calua/number_plate/data/ocr/test/real_3abce9a09d3e.jpg
test,1,CH01AX9090,CH01AX9090,0,True,0.887,/home/calua/number_plate/data/ocr/test/real_53314e4f83ef.jpg
test,1,GJ01RA8370,GJ01RA8370,0,True,0.875,/home/calua/number_plate/data/ocr/test/real_1e6a3dda0e0a.jpg
test,1,DL12CK8643,DL12CK8643,0,True,0.816,/home/calua/number_plate/data/ocr/test/real_907cd59361ea.jpg
test,1,MH01CR7388,MH01CR7388,0,True,0.901,/home/calua/number_plate/data/ocr/test/real_14d3c9a32185.jpg
test,1,WB70G3763,WB70G3763,0,True,0.843,/home/calua/number_plate/data/ocr/test/real_3bac34dd20d0.jpg
test,1,SK01T8791,SK01T8791,0,True,0.856,/home/calua/number_plate/data/ocr/test/real_f9efb3e8766d.jpg
test,1,TN69AJ4455,TN69AJ4455,0,True,0.833,/home/calua/number_plate/data/ocr/test/real_34b49ce74f6a.jpg
test,1,HR26DA2330,HR26DA2330,0,True,0.864,/home/calua/number_plate/data/ocr/test/real_712f0d097545.jpg
test,1,HR29W8286,HR29W8286,0,True,0.88,/home/calua/number_plate/data/ocr/test/real_b8c4e68e3ed3.jpg
test,1,UP70ET7816,UP70ET7816,0,True,0.84,/home/calua/number_plate/data/ocr/test/real_06be101ca10f.jpg
test,1,KA38M8037,KA38M8037,0,True,0.862,/home/calua/number_plate/data/ocr/test/real_14d4c23e406b.jpg
test,1,TS11EQ2914,TS11EQ2914,0,True,0.755,/home/calua/number_plate/data/ocr/test/real_4536556a622a.jpg
test,1,JK01AF0310,JK01AF0310,0,True,0.861,/home/calua/number_plate/data/ocr/test/real_8b30efdd7633.jpg
test,1,AS25S6858,AS25S6858,0,True,0.725,/home/calua/number_plate/data/ocr/test/real_f392f273dc2d.jpg
test,1,TN21TC611,TN21TC611,0,True,0.885,/home/calua/number_plate/data/ocr/test/real_66a404d9536a.jpg
test,1,MH02AQ2299,MH02AQ2299,0,True,0.619,/home/calua/number_plate/data/ocr/test/real_47e95a63d5a5.jpg
test,1,UP32FH2653,UP32FH2653,0,True,0.891,/home/calua/number_plate/data/ocr/test/real_72acf764d6d7.jpg
test,1,MH02BT6482,MH02BT6482,0,True,0.813,/home/calua/number_plate/data/ocr/test/real_1fa6781a765c.jpg
test,1,TERRANO,TERRANO,0,True,0.801,/home/calua/number_plate/data/ocr/test/real_78f9f172e66f.jpg
test,1,MP20TA0919,MP20TA0919,0,True,0.848,/home/calua/number_plate/data/ocr/test/real_48215156b1f3.jpg
test,1,MH01CR7388,MH01CR7388,0,True,0.879,/home/calua/number_plate/data/ocr/test/real_07006de7fc0f.jpg
test,1,AS19D9919,AS19D9919,0,True,0.893,/home/calua/number_plate/data/ocr/test/real_7addc644772b.jpg
test,1,AP31DT9378,AP31DT9378,0,True,0.855,/home/calua/number_plate/data/ocr/test/real_7f5185fd4ad4.jpg
test,1,ML137827,ML137827,0,True,0.742,/home/calua/number_plate/data/ocr/test/real_08dd745c6416.jpg
test,1,DL12CS7886,DL12CS7886,0,True,0.868,/home/calua/number_plate/data/ocr/test/real_26ce37c32bbf.jpg
test,1,JH10S5378,JH10S5378,0,True,0.833,/home/calua/number_plate/data/ocr/test/real_a946e6775279.jpg
test,1,MH03AM3025,MH03AM3025,0,True,0.857,/home/calua/number_plate/data/ocr/test/real_52b30be1718c.jpg
test,1,HP12H7917,HP12H7917,0,True,0.84,/home/calua/number_plate/data/ocr/test/real_28256486de73.jpg
test,1,MH02DS4676,MH02DS4676,0,True,0.769,/home/calua/number_plate/data/ocr/test/real_8b6235ed213c.jpg
test,1,DL1N4268,DL1N4268,0,True,0.772,/home/calua/number_plate/data/ocr/test/real_cf1ef372edd5.jpg
test,1,MH02BT6482,MH02BT6482,0,True,0.874,/home/calua/number_plate/data/ocr/test/real_42892a139c12.jpg
test,1,HR71F9259,HR71F9259,0,True,0.859,/home/calua/number_plate/data/ocr/test/real_f4b1b11996fa.jpg
test,1,MH14TC206AN,MH14TC206AN,0,True,0.845,/home/calua/number_plate/data/ocr/test/real_253b6a5012f8.jpg
test,1,MH01CR7388,MH01CR7388,0,True,0.8,/home/calua/number_plate/data/ocr/test/real_803066b73198.jpg
test,1,MH04CT3566,MH04CT3566,0,True,0.831,/home/calua/number_plate/data/ocr/test/real_5a2b4e6a890e.jpg
test,1,OD05K6964,OD05K6964,0,True,0.853,/home/calua/number_plate/data/ocr/test/real_1abe2001ce0d.jpg
test,1,RJ20CD5118,RJ20CD5118,0,True,0.899,/home/calua/number_plate/data/ocr/test/real_d9024b5f10db.jpg
test,1,DL12CL2555,DL12CL2555,0,True,0.895,/home/calua/number_plate/data/ocr/test/real_472e308dd68a.jpg
test,1,GJ06JE4788,GJ06JE4788,0,True,0.871,/home/calua/number_plate/data/ocr/test/real_4d81c9a17ec0.jpg
test,1,MH02AQ2299,MH02AQ2299,0,True,0.66,/home/calua/number_plate/data/ocr/test/real_ae3a4de87224.jpg
test,1,GA01E5947,GA01E5947,0,True,0.862,/home/calua/number_plate/data/ocr/test/real_adfd4ae8ac44.jpg
test,1,MH01CR7388,MH01CR7388,0,True,0.923,/home/calua/number_plate/data/ocr/test/real_b8c992371ff3.jpg
test,1,TN76V1978,TN76V1978,0,True,0.892,/home/calua/number_plate/data/ocr/test/real_43f4302c6308.jpg
test,1,MH04CT3566,MH04CT3566,0,True,0.872,/home/calua/number_plate/data/ocr/test/real_a651e6a6c85f.jpg
test,1,MH04DR8508,MH04DR8508,0,True,0.895,/home/calua/number_plate/data/ocr/test/real_73b277b73e67.jpg
test,1,HR26CM6005,HR26CM6005,0,True,0.657,/home/calua/number_plate/data/ocr/test/real_937e195e9ebd.jpg
test,1,TS09EZ9296,TS09EZ9296,0,True,0.879,/home/calua/number_plate/data/ocr/test/real_a6756f75ad8a.jpg
test,1,DN09H2191,DN09H2191,0,True,0.858,/home/calua/number_plate/data/ocr/test/real_282af88c648c.jpg
test,1,BR32PA6558,BR32PA6558,0,True,0.887,/home/calua/number_plate/data/ocr/test/real_e7f486dc5100.jpg
test,1,MH04CT3566,MH04CT3566,0,True,0.893,/home/calua/number_plate/data/ocr/test/real_d783694ef8cb.jpg
test,1,TN74AH1413,TN74AH1413,0,True,0.843,/home/calua/number_plate/data/ocr/test/real_65393bdcaf21.jpg
train,2,MH02FD6534,MH02FD6534,0,True,0.722,/home/calua/number_plate/data/ocr/train/real_3603afb447db.jpg
train,2,MH04DW9020,MH04DW9020,0,True,0.787,/home/calua/number_plate/data/ocr/train/real_8ad5eff20c15.jpg
train,2,MH01BU1852,MH01BU1852,0,True,0.745,/home/calua/number_plate/data/ocr/train/real_86d2b89659e8.jpg
train,2,MH01BU1852,MH01BU1852,0,True,0.831,/home/calua/number_plate/data/ocr/train/real_dd588cbae3e6.jpg
train,2,MH04DW9020,MH04DW9020,0,True,0.767,/home/calua/number_plate/data/ocr/train/real_c3d4fc86d947.jpg
train,2,MH04JL5547,MH04JL5547,0,True,0.586,/home/calua/number_plate/data/ocr/train/real_23eed249661d.jpg
train,2,KL07BF2007,KL07BF2007,0,True,0.752,/home/calua/number_plate/data/ocr/train/real_ee52f7233be7.jpg
train,2,MH04DW9020,MH04DW9020,0,True,0.785,/home/calua/number_plate/data/ocr/train/real_4043bdc93a86.jpg
train,2,MH01BU1852,MH01BU1852,0,True,0.801,/home/calua/number_plate/data/ocr/train/real_738826fd485d.jpg
train,2,MH01BU1852,MH01BU1852,0,True,0.757,/home/calua/number_plate/data/ocr/train/real_5aa48e5cf976.jpg
train,2,MH04JL5547,MH04JL5547,0,True,0.741,/home/calua/number_plate/data/ocr/train/real_6e3dd010de3e.jpg
train,2,MH14TCF300,MH14TCF300,0,True,0.775,/home/calua/number_plate/data/ocr/train/real_b087495e782d.jpg
train,2,MH01BU1852,MH01BU1852,0,True,0.829,/home/calua/number_plate/data/ocr/train/real_fc50ae6fe87a.jpg
train,2,MH20EU9991,MH20EU9991,0,True,0.724,/home/calua/number_plate/data/ocr/train/real_6eedae363ddb.jpg
train,2,KA21M5519,KA21M5519,0,True,0.795,/home/calua/number_plate/data/ocr/train/real_f15778e08890.jpg
train,2,MH12FT9458,MH12FT9458,0,True,0.777,/home/calua/number_plate/data/ocr/train/real_fc2c32677c51.jpg
train,2,MH04DW9020,MH04DW9020,0,True,0.766,/home/calua/number_plate/data/ocr/train/real_2f29d0de8cb5.jpg
train,2,TS09EB1458,TS09EB1458,0,True,0.762,/home/calua/number_plate/data/ocr/train/real_7bd21c190e23.jpg
val,2,WB07D5106,WB07D5106,0,True,0.661,/home/calua/number_plate/data/ocr/val/real_0da2fe04cf26.jpg
test,2,MH02ER9194,MH02ER9194,0,True,0.726,/home/calua/number_plate/data/ocr/test/real_2e59c8f785e4.jpg
test,2,MH12SF3212,MH12SF3212,0,True,0.562,/home/calua/number_plate/data/ocr/test/real_669d0e1db828.jpg
test,2,MH47AV6753,MH47AV6753,0,True,0.778,/home/calua/number_plate/data/ocr/test/real_6c9bf4e33f1f.jpg
val,3,OR05AC0422,OR05AC0422,0,True,0.503,/home/calua/number_plate/data/ocr/val/real_1b9e8f552b7b.jpg
